date,daily_first_dose,cumulative_first_dose,daily_second_dose,cumulative_second_dose,daily_booster,cumulative_booster,first_dose_percentage,second_dose_percentage,booster_percentage,Pfizer_daily,Pfizer_percentage,Moderna_daily,Moderna_percentage,AstraZeneca_daily,AstraZeneca_percentage,Janssen_daily,Janssen_percentage,Novavax_daily,Novavax_percentage,daily_first_dose_7d_avg,daily_second_dose_7d_avg,daily_booster_7d_avg,daily_total,daily_total_7d_avg,daily_first_dose_change,daily_second_dose_change,daily_booster_change,daily_total_change
2024-04-04,6149243,6149243,0,0,0.0,0.0,12.06,0.0,0.0,2767159,45.0,1844772,30.0,922386,15.0,307462,5.0,307462,5.0,,,,6149243.0,,,,,
2024-04-05,79581,6228824,0,0,0.0,0.0,12.21,0.0,0.0,35811,45.0,23874,30.0,11937,15.0,3979,5.0,3979,5.0,,,,79581.0,,-98.7058407026686,,,-98.7058407026686
2024-04-06,80435,6309259,0,0,0.0,0.0,12.37,0.0,0.0,36195,45.0,24130,30.0,12065,15.0,4021,5.0,4021,5.0,,,,80435.0,,1.0731204684535145,,,1.0731204684535145
2024-04-07,81296,6390555,0,0,0.0,0.0,12.53,0.0,0.0,36583,45.0,24388,30.0,12194,15.0,4064,5.0,4064,5.0,,,,81296.0,,1.0704295393796137,,,1.0704295393796137
2024-04-08,82160,6472715,0,0,0.0,0.0,12.69,0.0,0.0,36972,45.0,24648,30.0,12324,15.0,4108,5.0,4108,5.0,,,,82160.0,,1.0627829167486613,,,1.0627829167486613
2024-04-09,83029,6555744,0,0,0.0,0.0,12.85,0.0,0.0,37363,45.0,24908,30.0,12454,15.0,4151,5.0,4151,5.0,,,,83029.0,,1.057692307692304,,,1.057692307692304
2024-04-10,83903,6639647,0,0,0.0,0.0,13.02,0.0,0.0,37756,45.0,25170,30.0,12585,15.0,4195,5.0,4195,5.0,948521.0,0.0,0.0,83903.0,948521.0,1.0526442568259187,,,1.0526442568259187
2024-04-11,84779,6724426,0,0,0.0,0.0,13.19,0.0,0.0,38150,45.0,25433,30.0,12716,15.0,4238,5.0,4238,5.0,82169.0,0.0,0.0,84779.0,82169.0,1.0440627867895014,,,1.0440627867895014
2024-04-12,85662,6810088,0,0,0.0,0.0,13.35,0.0,0.0,38547,45.0,25698,30.0,12849,15.0,4283,5.0,4283,5.0,83038.0,0.0,0.0,85662.0,83038.0,1.0415315113412538,,,1.0415315113412538
2024-04-13,86547,6896635,0,0,0.0,0.0,13.52,0.0,0.0,38946,45.0,25964,30.0,12982,15.0,4327,5.0,4327,5.0,83911.0,0.0,0.0,86547.0,83911.0,1.0331302094277461,,,1.0331302094277461
2024-04-14,87437,6984072,0,0,0.0,0.0,13.69,0.0,0.0,39346,45.0,26231,30.0,13115,15.0,4371,5.0,4371,5.0,84788.0,0.0,0.0,87437.0,84788.0,1.0283429812703027,,,1.0283429812703027
2024-04-15,88331,7072403,0,0,0.0,0.0,13.87,0.0,0.0,39748,45.0,26499,30.0,13249,15.0,4416,5.0,4416,5.0,85670.0,0.0,0.0,88331.0,85670.0,1.0224504500383036,,,1.0224504500383036
2024-04-16,89228,7161631,0,0,0.0,0.0,14.04,0.0,0.0,40152,45.0,26768,30.0,13384,15.0,4461,5.0,4461,5.0,86555.0,0.0,0.0,89228.0,86555.0,1.015498522602476,,,1.015498522602476
2024-04-17,90128,7251759,0,0,0.0,0.0,14.22,0.0,0.0,40557,45.0,27038,30.0,13519,15.0,4506,5.0,4506,5.0,87445.0,0.0,0.0,90128.0,87445.0,1.0086519926480575,,,1.0086519926480575
2024-04-18,91032,7342791,0,0,0.0,0.0,14.4,0.0,0.0,40964,45.0,27309,30.0,13654,15.0,4551,5.0,4551,5.0,88338.0,0.0,0.0,91032.0,88338.0,1.003017930055039,,,1.003017930055039
2024-04-19,91940,7434731,0,0,0.0,0.0,14.58,0.0,0.0,41373,45.0,27582,30.0,13791,15.0,4597,5.0,4597,5.0,89235.0,0.0,0.0,91940.0,89235.0,0.9974514456454919,,,0.9974514456454919
2024-04-20,92851,7527582,0,0,0.0,0.0,14.76,0.0,0.0,41782,45.0,27855,30.0,13927,15.0,4642,5.0,4642,5.0,90135.0,0.0,0.0,92851.0,90135.0,0.9908636067000209,,,0.9908636067000209
2024-04-21,93764,7621346,0,0,0.0,0.0,14.94,0.0,0.0,42193,45.0,28129,30.0,14064,15.0,4688,5.0,4688,5.0,91039.0,0.0,0.0,93764.0,91039.0,0.9832958180310492,,,0.9832958180310492
2024-04-22,94680,7716026,0,0,0.0,0.0,15.13,0.0,0.0,42606,45.0,28404,30.0,14202,15.0,4734,5.0,4734,5.0,91946.0,0.0,0.0,94680.0,91946.0,0.9769207798302038,,,0.9769207798302038
2024-04-23,95599,7811625,0,0,0.0,0.0,15.32,0.0,0.0,43019,45.0,28679,30.0,14339,15.0,4779,5.0,4779,5.0,92856.0,0.0,0.0,95599.0,92856.0,0.9706379383185526,,,0.9706379383185526
2024-04-24,96521,7908146,0,0,0.0,0.0,15.51,0.0,0.0,43434,45.0,28956,30.0,14478,15.0,4826,5.0,4826,5.0,93770.0,0.0,0.0,96521.0,93770.0,0.9644452347827848,,,0.9644452347827848
2024-04-25,97445,8005591,0,0,0.0,0.0,15.7,0.0,0.0,43850,45.0,29233,30.0,14616,15.0,4872,5.0,4872,5.0,94686.0,0.0,0.0,97445.0,94686.0,0.9573046280084041,,,0.9573046280084041
2024-04-26,98371,8103962,0,0,0.0,0.0,15.89,0.0,0.0,44266,45.0,29511,30.0,14755,15.0,4918,5.0,4918,5.0,95604.0,0.0,0.0,98371.0,95604.0,0.9502796449279094,,,0.9502796449279094
2024-04-27,99299,8203261,0,0,0.0,0.0,16.08,0.0,0.0,44684,45.0,29789,30.0,14894,15.0,4964,5.0,4964,5.0,96526.0,0.0,0.0,99299.0,96526.0,0.9433674558559035,,,0.9433674558559035
2024-04-28,100229,8303490,0,0,0.0,0.0,16.28,0.0,0.0,45103,45.0,30068,30.0,15034,15.0,5011,5.0,5011,5.0,97449.0,0.0,0.0,100229.0,97449.0,0.9365653229136184,,,0.9365653229136184
2024-04-29,101161,8404651,0,0,0.0,0.0,16.48,0.0,0.0,45522,45.0,30348,30.0,15174,15.0,5058,5.0,5058,5.0,98375.0,0.0,0.0,101161.0,98375.0,0.9298705963344034,,,0.9298705963344034
2024-04-30,102095,8506746,0,0,0.0,0.0,16.68,0.0,0.0,45942,45.0,30628,30.0,15314,15.0,5104,5.0,5104,5.0,99303.0,0.0,0.0,102095.0,99303.0,0.9232807109459173,,,0.9232807109459173
2024-05-01,103029,8609775,0,0,0.0,0.0,16.88,0.0,0.0,46363,45.0,30908,30.0,15454,15.0,5151,5.0,5151,5.0,100233.0,0.0,0.0,103029.0,100233.0,0.914834223027583,,,0.914834223027583
2024-05-02,103965,8713740,6149243,6149243,0.0,0.0,17.09,12.06,0.0,2813943,45.0,1875962,30.0,937981,15.0,312660,5.0,312660,5.0,101164.0,878463.0,0.0,6253208.0,979627.0,0.9084820778615832,inf,,5969.366877286978
2024-05-03,104901,8818641,79581,6228824,0.0,0.0,17.29,12.21,0.0,83016,45.0,55344,30.0,27672,15.0,9224,5.0,9224,5.0,102097.0,889832.0,0.0,184482.0,991929.0,0.9003029865820134,-98.7058407026686,,-97.049802277487
2024-05-04,105839,8924480,80435,6309259,0.0,0.0,17.5,12.37,0.0,83823,45.0,55882,30.0,27941,15.0,9313,5.0,9313,5.0,103031.0,901323.0,0.0,186274.0,1004354.0,0.8941764139521968,1.0731204684535145,,0.9713684803937417
2024-05-05,106777,9031257,81296,6390555,0.0,0.0,17.71,12.53,0.0,84632,45.0,56421,30.0,28210,15.0,9403,5.0,9403,5.0,103967.0,912936.0,0.0,188073.0,1016903.0,0.8862517597483022,1.0704295393796137,,0.965781590560133
2024-05-06,107716,9138973,82160,6472715,0.0,0.0,17.92,12.69,0.0,85444,45.0,56962,30.0,28481,15.0,9493,5.0,9493,5.0,104903.0,924674.0,0.0,189876.0,1029577.0,0.879402867658774,1.0627829167486613,,0.9586703035523447
2024-05-07,108653,9247626,83029,6555744,0.0,0.0,18.13,12.85,0.0,86256,45.0,57504,30.0,28752,15.0,9584,5.0,9584,5.0,105840.0,936535.0,0.0,191682.0,1042375.0,0.8698800549593377,1.057692307692304,,0.9511470643999154
2024-05-08,109593,9357219,83903,6639647,0.0,0.0,18.35,13.02,0.0,87073,45.0,58048,30.0,29024,15.0,9674,5.0,9674,5.0,106778.0,948521.0,0.0,193496.0,1055299.0,0.8651394807322355,1.0526442568259187,,0.9463590738827854
2024-05-09,110530,9467749,84779,6724426,0.0,0.0,18.56,13.19,0.0,87889,45.0,58592,30.0,29296,15.0,9765,5.0,9765,5.0,107716.0,82169.0,0.0,195309.0,189885.0,0.8549816137892075,1.0440627867895014,,0.9369702732872964
2024-05-10,111469,9579218,85662,6810088,0.0,0.0,18.78,13.35,0.0,88708,45.0,59139,30.0,29569,15.0,9856,5.0,9856,5.0,108654.0,83038.0,0.0,197131.0,191692.0,0.8495431104677431,1.0415315113412538,,0.9328807172224618
2024-05-11,112405,9691623,86547,6896635,0.0,0.0,19.0,13.52,0.0,89528,45.0,59685,30.0,29842,15.0,9947,5.0,9947,5.0,109592.0,83911.0,0.0,198952.0,193503.0,0.8396953413056574,1.0331302094277461,,0.923751211123558
2024-05-12,113341,9804964,87437,6984072,0.0,0.0,19.23,13.69,0.0,90350,45.0,60233,30.0,30116,15.0,10038,5.0,10038,5.0,110530.0,84788.0,0.0,200778.0,195318.0,0.8327031715670952,1.0283429812703027,,0.9178093208412008
2024-05-13,114276,9919240,88331,7072403,0.0,0.0,19.45,13.87,0.0,91173,45.0,60782,30.0,30391,15.0,10130,5.0,10130,5.0,111467.0,85670.0,0.0,202607.0,197136.0,0.8249441949515157,1.0224504500383036,,0.9109563796830367
2024-05-14,115210,10034450,89228,7161631,0.0,0.0,19.68,14.04,0.0,91997,45.0,61331,30.0,30665,15.0,10221,5.0,10221,5.0,112403.0,86555.0,0.0,204438.0,198959.0,0.8173194721551313,1.015498522602476,,0.9037200096738918
2024-05-15,116142,10150592,90128,7251759,0.0,0.0,19.9,14.22,0.0,92821,45.0,61881,30.0,30940,15.0,10313,5.0,10313,5.0,113339.0,87445.0,0.0,206270.0,200784.0,0.8089575557677309,1.0086519926480575,,0.8961152036314202
2024-05-16,117071,10267663,91032,7342791,0.0,0.0,20.13,14.4,0.0,93646,45.0,62430,30.0,31215,15.0,10405,5.0,10405,5.0,114273.0,88338.0,0.0,208103.0,202611.0,0.7998829019648435,1.003017930055039,,0.8886411014689566
2024-05-17,117999,10385662,91940,7434731,0.0,0.0,20.36,14.58,0.0,94472,45.0,62981,30.0,31490,15.0,10496,5.0,10496,5.0,115206.0,89235.0,0.0,209939.0,204441.0,0.7926813643003072,0.9974514456454919,,0.8822554215941247
2024-05-18,118925,10504587,92851,7527582,0.0,0.0,20.6,14.76,0.0,95299,45.0,63532,30.0,31766,15.0,10588,5.0,10588,5.0,116138.0,90135.0,0.0,211776.0,206273.0,0.7847524131560535,0.9908636067000209,,0.8750160760983006
2024-05-19,119848,10624435,93764,7621346,0.0,0.0,20.83,14.94,0.0,96125,45.0,64083,30.0,32041,15.0,10680,5.0,10680,5.0,117067.0,91039.0,0.0,213612.0,208106.0,0.776119402985076,0.9832958180310492,,0.866953762465994
2024-05-20,120768,10745203,94680,7716026,0.0,0.0,21.07,15.13,0.0,96951,45.0,64634,30.0,32317,15.0,10772,5.0,10772,5.0,117995.0,91946.0,0.0,215448.0,209941.0,0.7676390094119245,0.9769207798302038,,0.859502275153079
2024-05-21,121684,10866887,95599,7811625,0.0,0.0,21.31,15.32,0.0,97777,45.0,65184,30.0,32592,15.0,10864,5.0,10864,5.0,118920.0,92856.0,0.0,217283.0,211776.0,0.7584790673025976,0.9706379383185526,,0.851713638557805
2024-05-22,122598,10989485,96521,7908146,0.0,0.0,21.55,15.51,0.0,98603,45.0,65735,30.0,32867,15.0,10955,5.0,10955,5.0,119842.0,93770.0,0.0,219119.0,213611.0,0.7511258669997689,0.9644452347827848,,0.8449809695190158
2024-05-23,123508,11112993,97445,8005591,0.0,0.0,21.79,15.7,0.0,99428,45.0,66285,30.0,33142,15.0,11047,5.0,11047,5.0,120761.0,94686.0,0.0,220953.0,215447.0,0.7422633321913841,0.9573046280084041,,0.8369881206102603
2024-05-24,124415,11237408,98371,8103962,0.0,0.0,22.03,15.89,0.0,100253,45.0,66835,30.0,33417,15.0,11139,5.0,11139,5.0,121678.0,95604.0,0.0,222786.0,217282.0,0.7343653852382115,0.9502796449279094,,0.8295881929641036
2024-05-25,125316,11362724,99299,8203261,0.0,0.0,22.28,16.08,0.0,101076,45.0,67384,30.0,33692,15.0,11230,5.0,11230,5.0,122591.0,96526.0,0.0,224615.0,219117.0,0.7241892054816512,0.9433674558559035,,0.8209672061978868
2024-05-26,126213,11488937,100229,8303490,0.0,0.0,22.53,16.28,0.0,101898,45.0,67932,30.0,33966,15.0,11322,5.0,11322,5.0,123500.0,97449.0,0.0,226442.0,220949.0,0.7157904816623484,0.9365653229136184,,0.813391803753083
2024-05-27,127107,11616044,101161,8404651,0.0,0.0,22.78,16.48,0.0,102720,45.0,68480,30.0,34240,15.0,11413,5.0,11413,5.0,124406.0,98375.0,0.0,228268.0,222781.0,0.7083264006084944,0.9298705963344034,,0.806387507617834
2024-05-28,127994,11744038,102095,8506746,0.0,0.0,23.03,16.68,0.0,103540,45.0,69026,30.0,34513,15.0,11504,5.0,11504,5.0,125307.0,99303.0,0.0,230089.0,224610.0,0.6978372552259193,0.9232807109459173,,0.797746508490027
2024-05-29,128877,11872915,103029,8609775,0.0,0.0,23.28,16.88,0.0,104357,45.0,69571,30.0,34785,15.0,11595,5.0,11595,5.0,126204.0,100233.0,0.0,231906.0,226437.0,0.689876087941621,0.914834223027583,,0.7896944225930014
2024-05-30,129754,12002669,103965,8713740,0.0,0.0,23.53,17.09,0.0,105173,45.0,70115,30.0,35057,15.0,11685,5.0,11685,5.0,127097.0,101164.0,0.0,233719.0,228261.0,0.6804938041698572,0.9084820778615832,,0.7817822738523272
2024-05-31,130626,12133295,104901,8818641,0.0,0.0,23.79,17.29,0.0,105987,45.0,70658,30.0,35329,15.0,11776,5.0,11776,5.0,127984.0,102097.0,0.0,235527.0,230081.0,0.6720409390076565,0.9003029865820134,,0.7735785280614804
2024-06-01,131491,12264786,105839,8924480,0.0,0.0,24.05,17.5,0.0,106798,45.0,71199,30.0,35599,15.0,11866,5.0,11866,5.0,128866.0,103031.0,0.0,237330.0,231897.0,0.6621958874956091,0.8941764139521968,,0.7655173292234085
2024-06-02,132350,12397136,106777,9031257,0.0,0.0,24.31,17.71,0.0,107607,45.0,71738,30.0,35869,15.0,11956,5.0,11956,5.0,129743.0,103967.0,0.0,239127.0,233709.0,0.6532766501129439,0.8862517597483022,,0.757173555808377
2024-06-03,133203,12530339,107716,9138973,0.0,0.0,24.57,17.92,0.0,108413,45.0,72275,30.0,36137,15.0,12045,5.0,12045,5.0,130614.0,104903.0,0.0,240919.0,235517.0,0.6445032111824789,0.879402867658774,,0.7493925821843606
2024-06-04,134048,12664387,108653,9247626,0.0,0.0,24.83,18.13,0.0,109215,45.0,72810,30.0,36405,15.0,12135,5.0,12135,5.0,131478.0,105840.0,0.0,242701.0,237318.0,0.6343700967695876,0.8698800549593377,,0.7396676891403331
2024-06-05,134886,12799273,109593,9357219,0.0,0.0,25.1,18.35,0.0,110015,45.0,73343,30.0,36671,15.0,12223,5.0,12223,5.0,132337.0,106778.0,0.0,244479.0,239115.0,0.6251492002864678,0.8651394807322355,,0.7325886584727659
2024-06-06,135718,12934991,110530,9467749,0.0,0.0,25.36,18.56,0.0,110811,45.0,73874,30.0,36937,15.0,12312,5.0,12312,5.0,133189.0,107716.0,0.0,246248.0,240904.0,0.6168171641237841,0.8549816137892075,,0.7235795303482062
2024-06-07,136541,13071532,111469,9579218,0.0,0.0,25.63,18.78,0.0,111604,45.0,74403,30.0,37201,15.0,12400,5.0,12400,5.0,134034.0,108654.0,0.0,248010.0,242688.0,0.6064044562990922,0.8495431104677431,,0.7155388064065571
2024-06-08,137357,13208889,112405,9691623,0.0,0.0,25.9,19.0,0.0,112392,45.0,74928,30.0,37464,15.0,12488,5.0,12488,5.0,134872.0,109592.0,0.0,249762.0,244464.0,0.5976226920851646,0.8396953413056574,,0.7064231280996758
2024-06-09,138163,13347052,113341,9804964,0.0,0.0,26.17,19.23,0.0,113176,45.0,75451,30.0,37725,15.0,12575,5.0,12575,5.0,135702.0,110530.0,0.0,251504.0,246232.0,0.5867920819470518,0.8327031715670952,,0.6974639857143972
2024-06-10,138963,13486015,114276,9919240,0.0,0.0,26.44,19.45,0.0,113957,45.0,75971,30.0,37985,15.0,12661,5.0,12661,5.0,136525.0,111467.0,0.0,253239.0,247992.0,0.5790262226500476,0.8249441949515157,,0.6898498632228467
2024-06-11,139752,13625767,115210,10034450,0.0,0.0,26.72,19.68,0.0,114732,45.0,76488,30.0,38244,15.0,12748,5.0,12748,5.0,137340.0,112403.0,0.0,254962.0,249743.0,0.5677770341745658,0.8173194721551313,,0.6803849328105072
2024-06-12,140532,13766299,116142,10150592,0.0,0.0,26.99,19.9,0.0,115503,45.0,77002,30.0,38501,15.0,12833,5.0,12833,5.0,138147.0,113339.0,0.0,256674.0,251486.0,0.5581315473123905,0.8089575557677309,,0.671472611604873
2024-06-13,141304,13907603,117071,10267663,0.0,0.0,27.27,20.13,0.0,116268,45.0,77512,30.0,38756,15.0,12918,5.0,12918,5.0,138945.0,114273.0,0.0,258375.0,253218.0,0.54934107534228,0.7998829019648435,,0.6627083382033216
2024-06-14,142065,14049668,117999,10385662,0.0,0.0,27.55,20.36,0.0,117028,45.0,78019,30.0,39009,15.0,13003,5.0,13003,5.0,139734.0,115206.0,0.0,260064.0,254940.0,0.5385551718281256,0.7926813643003072,,0.653701015965158
2024-06-15,142817,14192485,118925,10504587,0.0,0.0,27.83,20.6,0.0,117783,45.0,78522,30.0,39261,15.0,13087,5.0,13087,5.0,140514.0,116138.0,0.0,261742.0,256651.0,0.5293351634815036,0.7847524131560535,,0.6452257905746217
2024-06-16,143559,14336044,119848,10624435,0.0,0.0,28.11,20.83,0.0,118533,45.0,79022,30.0,39511,15.0,13170,5.0,13170,5.0,141285.0,117067.0,0.0,263407.0,258352.0,0.5195459924238754,0.776119402985076,,0.6361225940047843
2024-06-17,144289,14480333,120768,10745203,0.0,0.0,28.39,21.07,0.0,119275,45.0,79517,30.0,39758,15.0,13252,5.0,13252,5.0,142045.0,117995.0,0.0,265057.0,260040.0,0.5085017309956141,0.7676390094119245,,0.6264070430930024
2024-06-18,145010,14625343,121684,10866887,0.0,0.0,28.68,21.31,0.0,120012,45.0,80008,30.0,40004,15.0,13334,5.0,13334,5.0,142797.0,118920.0,0.0,266694.0,261716.0,0.4996915911815947,0.7584790673025976,,0.6176030061458393
2024-06-19,145719,14771062,122598,10989485,0.0,0.0,28.96,21.55,0.0,120742,45.0,80495,30.0,40247,15.0,13415,5.0,13415,5.0,143538.0,119842.0,0.0,268317.0,263379.0,0.4889317978070462,0.7511258669997689,,0.6085626223312213
2024-06-20,146416,14917478,123508,11112993,0.0,0.0,29.25,21.79,0.0,121465,45.0,80977,30.0,40488,15.0,13496,5.0,13496,5.0,144268.0,120761.0,0.0,269924.0,265029.0,0.4783178583438019,0.7422633321913841,,0.5989184434828987
2024-06-21,147103,15064581,124415,11237408,0.0,0.0,29.54,22.03,0.0,122183,45.0,81455,30.0,40727,15.0,13575,5.0,13575,5.0,144988.0,121678.0,0.0,271518.0,266666.0,0.46921101518959674,0.7343653852382115,,0.5905365954861352
2024-06-22,147778,15212359,125316,11362724,0.0,0.0,29.83,22.28,0.0,122892,45.0,81928,30.0,40964,15.0,13654,5.0,13654,5.0,145696.0,122591.0,0.0,273094.0,268287.0,0.4588621578077934,0.7241892054816512,,0.5804403391303614
2024-06-23,148440,15360799,126213,11488937,0.0,0.0,30.12,22.53,0.0,123593,45.0,82395,30.0,41197,15.0,13732,5.0,13732,5.0,146394.0,123500.0,0.0,274653.0,269894.0,0.44796925117405184,0.7157904816623484,,0.5708657092429625
2024-06-24,149090,15509889,127107,11616044,0.0,0.0,30.41,22.78,0.0,124288,45.0,82859,30.0,41429,15.0,13809,5.0,13809,5.0,147079.0,124406.0,0.0,276197.0,271485.0,0.43788736189707134,0.7083264006084944,,0.5621638940772611
2024-06-25,149727,15659616,127994,11744038,0.0,0.0,30.71,23.03,0.0,124974,45.0,83316,30.0,41658,15.0,13886,5.0,13886,5.0,147753.0,125307.0,0.0,277721.0,273061.0,0.4272587027969621,0.6978372552259193,,0.5517800700224784
2024-06-26,150352,15809968,128877,11872915,0.0,0.0,31.0,23.28,0.0,125653,45.0,83768,30.0,41884,15.0,13961,5.0,13961,5.0,148415.0,126204.0,0.0,279229.0,274619.0,0.41742638268313925,0.689876087941621,,0.5429909873578165
2024-06-27,150963,15960931,129754,12002669,0.0,0.0,31.3,23.53,0.0,126322,45.0,84215,30.0,42107,15.0,14035,5.0,14035,5.0,149065.0,127097.0,0.0,280717.0,276161.0,0.40637969564754073,0.6804938041698572,,0.5328959384591103
2024-06-28,151562,16112493,130626,12133295,0.0,0.0,31.59,23.79,0.0,126984,45.0,84656,30.0,42328,15.0,14109,5.0,14109,5.0,149702.0,127984.0,0.0,282188.0,277686.0,0.39678596742247496,0.6720409390076565,,0.5240152894195882
2024-06-29,152146,16264639,131491,12264786,0.0,0.0,31.89,24.05,0.0,127636,45.0,85091,30.0,42545,15.0,14181,5.0,14181,5.0,150326.0,128866.0,0.0,283637.0,279192.0,0.3853208587904611,0.6621958874956091,,0.51348746225921
2024-06-30,152717,16417356,132350,12397136,0.0,0.0,32.19,24.31,0.0,128280,45.0,85520,30.0,42760,15.0,14253,5.0,14253,5.0,150937.0,129743.0,0.0,285067.0,280679.0,0.3752974116966623,0.6532766501129439,,0.5041655355260355
2024-07-01,153273,16570629,133203,12530339,0.0,0.0,32.49,24.57,0.0,128914,45.0,85942,30.0,42971,15.0,14323,5.0,14323,5.0,151534.0,130614.0,0.0,286476.0,282148.0,0.36407210723101713,0.6445032111824789,,0.49426976815976076
2024-07-02,153816,16724445,134048,12664387,0.0,0.0,32.79,24.83,0.0,129538,45.0,86359,30.0,43179,15.0,14393,5.0,14393,5.0,152118.0,131478.0,0.0,287864.0,283597.0,0.354269832260079,0.6343700967695876,,0.48450830086987917
2024-07-03,154344,16878789,134886,12799273,0.0,0.0,33.1,25.1,0.0,130153,45.0,86769,30.0,43384,15.0,14461,5.0,14461,5.0,152689.0,132337.0,0.0,289230.0,285026.0,0.34326728038696075,0.6251492002864678,,0.4745296389961906
2024-07-04,154857,17033646,135718,12934991,0.0,0.0,33.4,25.36,0.0,130758,45.0,87172,30.0,43586,15.0,14528,5.0,14528,5.0,153245.0,133189.0,0.0,290575.0,286434.0,0.3323744363240566,0.6168171641237841,,0.4650278325208257
2024-07-05,155355,17189001,136541,13071532,0.0,0.0,33.7,25.63,0.0,131353,45.0,87568,30.0,43784,15.0,14594,5.0,14594,5.0,153787.0,134034.0,0.0,291896.0,287821.0,0.32158701253415245,0.6064044562990922,,0.45461584788781817
2024-07-06,155838,17344839,137357,13208889,0.0,0.0,34.01,25.9,0.0,131937,45.0,87958,30.0,43979,15.0,14659,5.0,14659,5.0,154314.0,134872.0,0.0,293195.0,289186.0,0.31090084001159646,0.5976226920851646,,0.4450215145120229
2024-07-07,156305,17501144,138163,13347052,0.0,0.0,34.32,26.17,0.0,132510,45.0,88340,30.0,44170,15.0,14723,5.0,14723,5.0,154827.0,135702.0,0.0,294468.0,290529.0,0.2996701703050553,0.5867920819470518,,0.4341820290250542
2024-07-08,156758,17657902,138963,13486015,0.0,0.0,34.62,26.44,0.0,133074,45.0,88716,30.0,44358,15.0,14786,5.0,14786,5.0,155325.0,136525.0,0.0,295721.0,291850.0,0.289817984069618,0.5790262226500476,,0.42551312876102365
2024-07-09,157195,17815097,139752,13625767,0.0,0.0,34.93,26.72,0.0,133626,45.0,89084,30.0,44542,15.0,14847,5.0,14847,5.0,155807.0,137340.0,0.0,296947.0,293147.0,0.278773651105535,0.5677770341745658,,0.4145799588125332
2024-07-10,157614,17972711,140532,13766299,0.0,0.0,35.24,26.99,0.0,134165,45.0,89443,30.0,44721,15.0,14907,5.0,14907,5.0,156275.0,138147.0,0.0,298146.0,294421.0,0.2665479181907848,0.5581315473123905,,0.4037757579635315
2024-07-11,158020,18130731,141304,13907603,0.0,0.0,35.55,27.27,0.0,134695,45.0,89797,30.0,44898,15.0,14966,5.0,14966,5.0,156726.0,138945.0,0.0,299324.0,295671.0,0.25759133071934226,0.54934107534228,,0.3951084368061242
2024-07-12,158407,18289138,142065,14049668,0.0,0.0,35.86,27.55,0.0,135212,45.0,90141,30.0,45070,15.0,15023,5.0,15023,5.0,157162.0,139734.0,0.0,300472.0,296896.0,0.2449057081382211,0.5385551718281256,,0.3835308896045664
2024-07-13,158778,18447916,142817,14192485,0.0,0.0,36.17,27.83,0.0,135717,45.0,90478,30.0,45239,15.0,15079,5.0,15079,5.0,157582.0,140514.0,0.0,301595.0,298096.0,0.23420682166823692,0.5293351634815036,,0.37374530738305545
2024-07-14,159134,18607050,143559,14336044,0.0,0.0,36.48,28.11,0.0,136211,45.0,90807,30.0,45403,15.0,15134,5.0,15134,5.0,157987.0,141285.0,0.0,302693.0,299271.0,0.22421242237589123,0.5195459924238754,,0.364064390987906
2024-07-15,159472,18766522,144289,14480333,0.0,0.0,36.8,28.39,0.0,136692,45.0,91128,30.0,45564,15.0,15188,5.0,15188,5.0,158374.0,142045.0,0.0,303761.0,300420.0,0.21239961290484555,0.5085017309956141,,0.35283273812081184
2024-07-16,159793,18926315,145010,14625343,0.0,0.0,37.11,28.68,0.0,137161,45.0,91440,30.0,45720,15.0,15240,5.0,15240,5.0,158745.0,142797.0,0.0,304803.0,301542.0,0.20128925453997137,0.4996915911815947,,0.3430328449010922
2024-07-17,160098,19086413,145719,14771062,0.0,0.0,37.42,28.96,0.0,137617,45.0,91745,30.0,45872,15.0,15290,5.0,15290,5.0,159100.0,143538.0,0.0,305817.0,302638.0,0.19087194057312296,0.4889317978070462,,0.33267389100501976
2024-07-18,160384,19246797,146416,14917478,0.0,0.0,37.74,29.25,0.0,138060,45.0,92040,30.0,46020,15.0,15340,5.0,15340,5.0,159438.0,144268.0,0.0,306800.0,303706.0,0.17864058264314142,0.4783178583438019,,0.3214340602386345
2024-07-19,160655,19407452,147103,15064581,0.0,0.0,38.05,29.54,0.0,138491,45.0,92327,30.0,46163,15.0,15387,5.0,15387,5.0,159759.0,144988.0,0.0,307758.0,304747.0,0.1689694732641689,0.46921101518959674,,0.31225554106910636
2024-07-20,160906,19568358,147778,15212359,0.0,0.0,38.37,29.83,0.0,138907,45.0,92605,30.0,46302,15.0,15434,5.0,15434,5.0,160063.0,145696.0,0.0,308684.0,305759.0,0.15623541128504392,0.4588621578077934,,0.30088576089004615
2024-07-21,161142,19729500,148440,15360799,0.0,0.0,38.69,30.12,0.0,139311,45.0,92874,30.0,46437,15.0,15479,5.0,15479,5.0,160350.0,146394.0,0.0,309582.0,306744.0,0.14666948404657987,0.44796925117405184,,0.29091238936906905
2024-07-22,161358,19890858,149090,15509889,0.0,0.0,39.0,30.41,0.0,139701,45.0,93134,30.0,46567,15.0,15522,5.0,15522,5.0,160619.0,147079.0,0.0,310448.0,307699.0,0.1340432661875779,0.43788736189707134,,0.2797320257637681
2024-07-23,161558,20052416,149727,15659616,0.0,0.0,39.32,30.71,0.0,140078,45.0,93385,30.0,46692,15.0,15564,5.0,15564,5.0,160872.0,147753.0,0.0,311285.0,308625.0,0.12394799142279034,0.4272587027969621,,0.2696103695304819
2024-07-24,161739,20214155,150352,15809968,0.0,0.0,39.64,31.0,0.0,140440,45.0,93627,30.0,46813,15.0,15604,5.0,15604,5.0,161106.0,148415.0,0.0,312091.0,309521.0,0.11203406826032491,0.41742638268313925,,0.258926707036955
2024-07-25,161903,20376058,150963,15960931,0.0,0.0,39.95,31.3,0.0,140789,45.0,93859,30.0,46929,15.0,15643,5.0,15643,5.0,161323.0,149065.0,0.0,312866.0,310388.0,0.10139793123489227,0.40637969564754073,,0.24832500777016708
2024-07-26,162048,20538106,151562,16112493,0.0,0.0,40.27,31.59,0.0,141124,45.0,94083,30.0,47041,15.0,15680,5.0,15680,5.0,161522.0,149702.0,0.0,313610.0,311224.0,0.08955979815075121,0.39678596742247496,,0.23780148689853675
2024-07-27,162176,20700282,152146,16264639,0.0,0.0,40.59,31.89,0.0,141444,45.0,94296,30.0,47148,15.0,15716,5.0,15716,5.0,161703.0,150326.0,0.0,314322.0,312029.0,0.07898894154818592,0.3853208587904611,,0.2270335767354359
2024-07-28,162286,20862568,152717,16417356,0.0,0.0,40.91,32.19,0.0,141751,45.0,94500,30.0,47250,15.0,15750,5.0,15750,5.0,161867.0,150937.0,0.0,315003.0,312804.0,0.06782754538279256,0.3752974116966623,,0.2166568041689798
2024-07-29,162377,21024945,153273,16570629,0.0,0.0,41.23,32.49,0.0,142042,45.0,94695,30.0,47347,15.0,15782,5.0,15782,5.0,162012.0,151534.0,0.0,315650.0,313547.0,0.05607384494041856,0.36407210723101713,,0.20539486925521544
2024-07-30,162449,21187394,153816,16724445,0.0,0.0,41.54,32.79,0.0,142319,45.0,94879,30.0,47439,15.0,15813,5.0,15813,5.0,162140.0,152118.0,0.0,316265.0,314258.0,0.044341255227031695,0.354269832260079,,0.19483605258989733
2024-07-31,162505,21349899,154344,16878789,0.0,0.0,41.86,33.1,0.0,142582,45.0,95054,30.0,47527,15.0,15842,5.0,15842,5.0,162249.0,152689.0,0.0,316849.0,314938.0,0.03447235747835453,0.34326728038696075,,0.1846552732676754
2024-08-01,162541,21512440,154857,17033646,0.0,0.0,42.18,33.4,0.0,142829,45.0,95219,30.0,47609,15.0,15869,5.0,15869,5.0,162340.0,153245.0,0.0,317398.0,315585.0,0.022153164518012858,0.3323744363240566,,0.1732686547850859
2024-08-02,162560,21675000,155355,17189001,0.0,0.0,42.5,33.7,0.0,143061,45.0,95374,30.0,47687,15.0,15895,5.0,15895,5.0,162413.0,153787.0,0.0,317915.0,316200.0,0.011689358377275916,0.32158701253415245,,0.16288697471313895
2024-08-03,162559,21837559,155838,17344839,0.0,0.0,42.82,34.01,0.0,143278,45.0,95519,30.0,47759,15.0,15919,5.0,15919,5.0,162468.0,154314.0,0.0,318397.0,316782.0,-0.0006151574803103799,0.31090084001159646,,0.15161285249201129
2024-08-04,162541,22000100,156305,17501144,0.0,0.0,43.14,34.32,0.0,143480,45.0,95653,30.0,47826,15.0,15942,5.0,15942,5.0,162505.0,154827.0,0.0,318846.0,317331.0,-0.011072902761455339,0.2996701703050553,,0.1410189166355158
2024-08-05,162505,22162605,156758,17657902,0.0,0.0,43.46,34.62,0.0,143668,45.0,95778,30.0,47889,15.0,15963,5.0,15963,5.0,162523.0,155325.0,0.0,319263.0,317848.0,-0.022148257977983032,0.289817984069618,,0.13078414030598395
2024-08-06,162449,22325054,157195,17815097,0.0,0.0,43.77,34.93,0.0,143839,45.0,95893,30.0,47946,15.0,15982,5.0,15982,5.0,162523.0,155807.0,0.0,319644.0,318330.0,-0.03446047813913111,0.278773651105535,,0.11933734883153857
2024-08-07,162377,22487431,157614,17972711,0.0,0.0,44.09,35.24,0.0,143995,45.0,95997,30.0,47998,15.0,15999,5.0,15999,5.0,162505.0,156275.0,0.0,319991.0,318779.0,-0.04432160247216377,0.2665479181907848,,0.10855827107656424
2024-08-08,162286,22649717,158020,18130731,0.0,0.0,44.41,35.55,0.0,144137,45.0,96091,30.0,48045,15.0,16015,5.0,16015,5.0,162468.0,156726.0,0.0,320306.0,319195.0,-0.05604241980083913,0.25759133071934226,,0.09844026863254918
2024-08-09,162176,22811893,158407,18289138,0.0,0.0,44.73,35.86,0.0,144262,45.0,96174,30.0,48087,15.0,16029,5.0,16029,5.0,162413.0,157162.0,0.0,320583.0,319576.0,-0.06778157080709057,0.2449057081382211,,0.08647980368772235
2024-08-10,162048,22973941,158778,18447916,0.0,0.0,45.05,36.17,0.0,144371,45.0,96247,30.0,48123,15.0,16041,5.0,16041,5.0,162340.0,157582.0,0.0,320826.0,319923.0,-0.07892659826361781,0.23420682166823692,,0.07579940296271737
2024-08-11,161903,23135844,159134,18607050,0.0,0.0,45.36,36.48,0.0,144466,45.0,96311,30.0,48155,15.0,16051,5.0,16051,5.0,162249.0,157987.0,0.0,321037.0,320236.0,-0.08947966034754673,0.22421242237589123,,0.06576773702879901
2024-08-12,161739,23297583,159472,18766522,0.0,0.0,45.68,36.8,0.0,144544,45.0,96363,30.0,48181,15.0,16060,5.0,16060,5.0,162140.0,158374.0,0.0,321211.0,320514.0,-0.1012952199773931,0.21239961290484555,,0.054199360198348145
2024-08-13,161558,23459141,159793,18926315,0.0,0.0,46.0,37.11,0.0,144607,45.0,96405,30.0,48202,15.0,16067,5.0,16067,5.0,162012.0,158745.0,0.0,321351.0,320758.0,-0.1119086923994872,0.20128925453997137,,0.043585057796891036
2024-08-14,161358,23620499,160098,19086413,0.0,0.0,46.31,37.42,0.0,144655,45.0,96436,30.0,48218,15.0,16072,5.0,16072,5.0,161867.0,159100.0,0.0,321456.0,320967.0,-0.12379455056388267,0.19087194057312296,,0.03267455212525583
2024-08-15,161142,23781641,160384,19246797,0.0,0.0,46.63,37.74,0.0,144686,45.0,96457,30.0,48228,15.0,16076,5.0,16076,5.0,161703.0,159438.0,0.0,321526.0,321141.0,-0.13386383073662467,0.17864058264314142,,0.021775919565980573
2024-08-16,160906,23942547,160655,19407452,0.0,0.0,46.95,38.05,0.0,144702,45.0,96468,30.0,48234,15.0,16078,5.0,16078,5.0,161522.0,159759.0,0.0,321561.0,321281.0,-0.14645467972347337,0.1689694732641689,,0.01088558934581041
2024-08-17,160655,24103202,160906,19568358,0.0,0.0,47.26,38.37,0.0,144702,45.0,96468,30.0,48234,15.0,16078,5.0,16078,5.0,161323.0,160063.0,0.0,321561.0,321386.0,-0.15599169701564497,0.15623541128504392,,0.0
2024-08-18,160384,24263586,161142,19729500,0.0,0.0,47.58,38.69,0.0,144686,45.0,96457,30.0,48228,15.0,16076,5.0,16076,5.0,161106.0,160350.0,0.0,321526.0,321456.0,-0.1686844480408345,0.14666948404657987,,-0.010884404514233115
2024-08-19,160098,24423684,161358,19890858,0.0,0.0,47.89,39.0,0.0,144655,45.0,96436,30.0,48218,15.0,16072,5.0,16072,5.0,160872.0,160619.0,0.0,321456.0,321491.0,-0.17832202713488066,0.1340432661875779,,-0.021771178691609716
2024-08-20,159793,24583477,161558,20052416,0.0,0.0,48.2,39.32,0.0,144607,45.0,96405,30.0,48202,15.0,16067,5.0,16067,5.0,160619.0,160872.0,0.0,321351.0,321491.0,-0.1905083136578889,0.12394799142279034,,-0.03266387934895976
2024-08-21,159472,24742949,161739,20214155,0.0,0.0,48.52,39.64,0.0,144544,45.0,96363,30.0,48181,15.0,16060,5.0,16060,5.0,160350.0,161106.0,0.0,321211.0,321456.0,-0.2008848948326869,0.11203406826032491,,-0.043566069500333704
2024-08-22,159134,24902083,161903,20376058,0.0,0.0,48.83,39.95,0.0,144466,45.0,96311,30.0,48155,15.0,16051,5.0,16051,5.0,160063.0,161323.0,0.0,321037.0,321386.0,-0.21194943312932146,0.10139793123489227,,-0.05417000040471853
2024-08-23,158778,25060861,162048,20538106,0.0,0.0,49.14,40.27,0.0,144371,45.0,96247,30.0,48123,15.0,16041,5.0,16041,5.0,159759.0,161522.0,0.0,320826.0,321281.0,-0.22371083489386434,0.08955979815075121,,-0.06572451150490544
2024-08-24,158407,25219268,162176,20700282,0.0,0.0,49.45,40.59,0.0,144262,45.0,96174,30.0,48087,15.0,16029,5.0,16029,5.0,159438.0,161703.0,0.0,320583.0,321141.0,-0.23365957500409706,0.07898894154818592,,-0.07574199098576706
2024-08-25,158020,25377288,162286,20862568,0.0,0.0,49.76,40.91,0.0,144137,45.0,96091,30.0,48045,15.0,16015,5.0,16015,5.0,159100.0,161867.0,0.0,320306.0,320967.0,-0.24430738540595076,0.06782754538279256,,-0.08640508074352349
2024-08-26,157614,25534902,162377,21024945,0.0,0.0,50.07,41.23,0.0,143995,45.0,95997,30.0,47998,15.0,15999,5.0,15999,5.0,158745.0,162012.0,0.0,319991.0,320758.0,-0.256929502594605,0.05607384494041856,,-0.09834345906726272
2024-08-27,157195,25692097,162449,21187394,0.0,0.0,50.38,41.54,0.0,143839,45.0,95893,30.0,47946,15.0,15982,5.0,15982,5.0,158374.0,162140.0,0.0,319644.0,320514.0,-0.2658393289936223,0.044341255227031695,,-0.10844054989046503
2024-08-28,156758,25848855,162505,21349899,0.0,0.0,50.68,41.86,0.0,143668,45.0,95778,30.0,47889,15.0,15963,5.0,15963,5.0,157987.0,162249.0,0.0,319263.0,320236.0,-0.27799866407964835,0.03447235747835453,,-0.11919510455381532
2024-08-29,156305,26005160,162541,21512440,0.0,0.0,50.99,42.18,0.0,143480,45.0,95653,30.0,47826,15.0,15942,5.0,15942,5.0,157582.0,162340.0,0.0,318846.0,319923.0,-0.28898046670664534,0.022153164518012858,,-0.13061331879986593
2024-08-30,155838,26160998,162560,21675000,0.0,0.0,51.3,42.5,0.0,143279,45.0,95519,30.0,47759,15.0,15919,5.0,15919,5.0,157162.0,162413.0,0.0,318398.0,319576.0,-0.2987748312593963,0.011689358377275916,,-0.14050670229515116
2024-08-31,155355,26316353,162559,21837559,0.0,0.0,51.6,42.82,0.0,143061,45.0,95374,30.0,47687,15.0,15895,5.0,15895,5.0,156726.0,162468.0,0.0,317914.0,319195.0,-0.30993724252107446,-0.0006151574803103799,,-0.1520110050942547
2024-09-01,154857,26471210,162541,22000100,0.0,0.0,51.9,43.14,0.0,142829,45.0,95219,30.0,47609,15.0,15869,5.0,15869,5.0,156275.0,162505.0,0.0,317398.0,318779.0,-0.3205561456020134,-0.011072902761455339,,-0.16230804557206824
2024-09-02,154344,26625554,162505,22162605,0.0,0.0,52.21,43.46,0.0,142582,45.0,95054,30.0,47527,15.0,15842,5.0,15842,5.0,155807.0,162523.0,0.0,316849.0,318330.0,-0.3312733683333624,-0.022148257977983032,,-0.17296895380563004
2024-09-03,153816,26779370,162449,22325054,0.0,0.0,52.51,43.77,0.0,142319,45.0,94879,30.0,47439,15.0,15813,5.0,15813,5.0,155325.0,162523.0,0.0,316265.0,317848.0,-0.34209298709376723,-0.03446047813913111,,-0.18431492603732114
2024-09-04,153273,26932643,162377,22487431,0.0,0.0,52.81,44.09,0.0,142042,45.0,94695,30.0,47347,15.0,15782,5.0,15782,5.0,154827.0,162505.0,0.0,315650.0,317331.0,-0.35301919176158325,-0.04432160247216377,,-0.19445717989660105
2024-09-05,152717,27085360,162286,22649717,0.0,0.0,53.11,44.41,0.0,141751,45.0,94500,30.0,47250,15.0,15750,5.0,15750,5.0,154314.0,162468.0,0.0,315003.0,316782.0,-0.3627514304541557,-0.05604241980083913,,-0.20497386345635915
2024-09-06,152146,27237506,162176,22811893,0.0,0.0,53.41,44.73,0.0,141444,45.0,94296,30.0,47148,15.0,15716,5.0,15716,5.0,153787.0,162413.0,0.0,314322.0,316200.0,-0.37389419645488253,-0.06778157080709057,,-0.2161884172531714
2024-09-07,151562,27389068,162048,22973941,0.0,0.0,53.7,45.05,0.0,141124,45.0,94083,30.0,47041,15.0,15680,5.0,15680,5.0,153245.0,162340.0,0.0,313610.0,315585.0,-0.38384183613108247,-0.07892659826361781,,-0.22651930186242675
2024-09-08,150963,27540031,161903,23135844,0.0,0.0,54.0,45.36,0.0,140789,45.0,93859,30.0,46929,15.0,15643,5.0,15643,5.0,152689.0,162249.0,0.0,312866.0,314938.0,-0.3952177986566552,-0.08947966034754673,,-0.23723733299321204
2024-09-09,150352,27690383,161739,23297583,0.0,0.0,54.29,45.68,0.0,140440,45.0,93627,30.0,46813,15.0,15604,5.0,15604,5.0,152118.0,162140.0,0.0,312091.0,314258.0,-0.40473493505031044,-0.1012952199773931,,-0.24770988218598688
2024-09-10,149727,27840110,161558,23459141,0.0,0.0,54.59,46.0,0.0,140078,45.0,93385,30.0,46692,15.0,15564,5.0,15564,5.0,151534.0,162012.0,0.0,311285.0,313547.0,-0.4156911780355488,-0.1119086923994872,,-0.25825800808098043
2024-09-11,149090,27989200,161358,23620499,0.0,0.0,54.88,46.31,0.0,139701,45.0,93134,30.0,46567,15.0,15522,5.0,15522,5.0,150937.0,161867.0,0.0,310448.0,312804.0,-0.42544096923066155,-0.12379455056388267,,-0.2688854265383789
2024-09-12,148440,28137640,161142,23781641,0.0,0.0,55.17,46.63,0.0,139311,45.0,92874,30.0,46437,15.0,15479,5.0,15479,5.0,150326.0,161703.0,0.0,309582.0,312029.0,-0.4359782681601754,-0.13386383073662467,,-0.278951708498687
2024-09-13,147778,28285418,160906,23942547,0.0,0.0,55.46,46.95,0.0,138907,45.0,92605,30.0,46302,15.0,15434,5.0,15434,5.0,149702.0,161522.0,0.0,308684.0,311224.0,-0.4459714362705425,-0.14645467972347337,,-0.2900685440368034
2024-09-14,147103,28432521,160655,24103202,0.0,0.0,55.75,47.26,0.0,138491,45.0,92327,30.0,46163,15.0,15387,5.0,15387,5.0,149065.0,161323.0,0.0,307758.0,310388.0,-0.4567662304267195,-0.15599169701564497,,-0.2999831542937148
2024-09-15,146416,28578937,160384,24263586,0.0,0.0,56.04,47.58,0.0,138060,45.0,92040,30.0,46020,15.0,15340,5.0,15340,5.0,148415.0,161106.0,0.0,306800.0,309521.0,-0.46701970727993647,-0.1686844480408345,,-0.31128354096400246
2024-09-16,145719,28724656,160098,24423684,0.0,0.0,56.32,47.89,0.0,137617,45.0,91745,30.0,45872,15.0,15290,5.0,15290,5.0,147753.0,160872.0,0.0,305817.0,308625.0,-0.4760408698502916,-0.17832202713488066,,-0.3204041720990869
2024-09-17,145010,28869666,159793,24583477,0.0,0.0,56.61,48.2,0.0,137161,45.0,91440,30.0,45720,15.0,15240,5.0,15240,5.0,147079.0,160619.0,0.0,304803.0,307699.0,-0.4865528860340751,-0.1905083136578889,,-0.33157084138553117
2024-09-18,144289,29013955,159472,24742949,0.0,0.0,56.89,48.52,0.0,136692,45.0,91128,30.0,45564,15.0,15188,5.0,15188,5.0,146394.0,160350.0,0.0,303761.0,306744.0,-0.4972070891662628,-0.2008848948326869,,-0.3418601522950926
2024-09-19,143559,29157514,159134,24902083,0.0,0.0,57.17,48.83,0.0,136211,45.0,90807,30.0,45403,15.0,15134,5.0,15134,5.0,145696.0,160063.0,0.0,302693.0,305759.0,-0.5059290729023003,-0.21194943312932146,,-0.35159220571435723
2024-09-20,142817,29300331,158778,25060861,0.0,0.0,57.45,49.14,0.0,135717,45.0,90478,30.0,45239,15.0,15079,5.0,15079,5.0,144988.0,159759.0,0.0,301595.0,304747.0,-0.516860663559926,-0.22371083489386434,,-0.3627437700904901
2024-09-21,142065,29442396,158407,25219268,0.0,0.0,57.73,49.45,0.0,135212,45.0,90141,30.0,45070,15.0,15023,5.0,15023,5.0,144268.0,159438.0,0.0,300472.0,303706.0,-0.5265479599767531,-0.23365957500409706,,-0.372353653077806
2024-09-22,141304,29583700,158020,25377288,0.0,0.0,58.01,49.76,0.0,134695,45.0,89797,30.0,44898,15.0,14966,5.0,14966,5.0,143538.0,159100.0,0.0,299324.0,302638.0,-0.5356702917678535,-0.24430738540595076,,-0.3820655502010162
2024-09-23,140532,29724232,157614,25534902,0.0,0.0,58.28,50.07,0.0,134165,45.0,89443,30.0,44721,15.0,14907,5.0,14907,5.0,142797.0,158745.0,0.0,298146.0,301542.0,-0.546339806374907,-0.256929502594605,,-0.39355347382769024
2024-09-24,139752,29863984,157195,25692097,0.0,0.0,58.56,50.38,0.0,133626,45.0,89084,30.0,44542,15.0,14847,5.0,14847,5.0,142045.0,158374.0,0.0,296947.0,300420.0,-0.5550337289727647,-0.2658393289936223,,-0.40215196581540047
2024-09-25,138963,30002947,156758,25848855,0.0,0.0,58.83,50.68,0.0,133074,45.0,88716,30.0,44358,15.0,14786,5.0,14786,5.0,141285.0,157987.0,0.0,295721.0,299271.0,-0.5645715267044493,-0.27799866407964835,,-0.4128682896274438
2024-09-26,138163,30141110,156305,26005160,0.0,0.0,59.1,50.99,0.0,132510,45.0,88340,30.0,44170,15.0,14723,5.0,14723,5.0,140514.0,157582.0,0.0,294468.0,298096.0,-0.5756928103164194,-0.28898046670664534,,-0.4237101862904602
2024-09-27,137357,30278467,155838,26160998,0.0,0.0,59.37,51.3,0.0,131937,45.0,87958,30.0,43979,15.0,14659,5.0,14659,5.0,139734.0,157162.0,0.0,293195.0,296896.0,-0.5833689193199376,-0.2987748312593963,,-0.43230503823844524
2024-09-28,136541,30415008,155355,26316353,0.0,0.0,59.64,51.6,0.0,131353,45.0,87568,30.0,43784,15.0,14594,5.0,14594,5.0,138945.0,156726.0,0.0,291896.0,295671.0,-0.5940723807305037,-0.30993724252107446,,-0.4430498473712019
2024-09-29,135718,30550726,154857,26471210,0.0,0.0,59.9,51.9,0.0,130758,45.0,87172,30.0,43586,15.0,14528,5.0,14528,5.0,138147.0,156275.0,0.0,290575.0,294421.0,-0.6027493573358966,-0.3205561456020134,,-0.4525584454737275
2024-09-30,134886,30685612,154344,26625554,0.0,0.0,60.17,52.21,0.0,130153,45.0,86769,30.0,43384,15.0,14461,5.0,14461,5.0,137340.0,155807.0,0.0,289230.0,293147.0,-0.6130358537555836,-0.3312733683333624,,-0.46287533339068876
2024-10-01,134048,30819660,153816,26779370,0.0,0.0,60.43,52.51,0.0,129538,45.0,86359,30.0,43179,15.0,14393,5.0,14393,5.0,136525.0,155325.0,0.0,287864.0,291850.0,-0.6212653648265953,-0.34209298709376723,,-0.4722884901289581
2024-10-02,133203,30952863,153273,26932643,0.0,0.0,60.69,52.81,0.0,128914,45.0,85942,30.0,42971,15.0,14323,5.0,14323,5.0,135702.0,154827.0,0.0,286476.0,290529.0,-0.630371210312719,-0.35301919176158325,,-0.4821721368423959
2024-10-03,132350,31085213,152717,27085360,0.0,0.0,60.95,53.11,0.0,128280,45.0,85520,30.0,42760,15.0,14253,5.0,14253,5.0,134872.0,154314.0,0.0,285067.0,289186.0,-0.6403759675082443,-0.3627514304541557,,-0.49183875787151
2024-10-04,131491,31216704,152146,27237506,0.0,0.0,61.21,53.41,0.0,127636,45.0,85091,30.0,42545,15.0,14181,5.0,14181,5.0,134034.0,153787.0,0.0,283637.0,287821.0,-0.6490366452587826,-0.37389419645488253,,-0.5016364573942278
2024-10-05,130626,31347330,151562,27389068,0.0,0.0,61.47,53.7,0.0,126984,45.0,84656,30.0,42328,15.0,14109,5.0,14109,5.0,133189.0,153245.0,0.0,282188.0,286434.0,-0.6578397000555181,-0.38384183613108247,,-0.5108642384456186
2024-10-06,129754,31477084,150963,27540031,0.0,0.0,61.72,54.0,0.0,126322,45.0,84215,30.0,42107,15.0,14035,5.0,14035,5.0,132337.0,152689.0,0.0,280717.0,285026.0,-0.6675546981458558,-0.3952177986566552,,-0.5212836832182766
2024-10-07,128877,31605961,150352,27690383,0.0,0.0,61.97,54.29,0.0,125653,45.0,83768,30.0,41884,15.0,13961,5.0,13961,5.0,131478.0,152118.0,0.0,279229.0,283597.0,-0.6758943847588461,-0.40473493505031044,,-0.5300712105073768
2024-10-08,127994,31733955,149727,27840110,0.0,0.0,62.22,54.59,0.0,124974,45.0,83316,30.0,41658,15.0,13886,5.0,13886,5.0,130614.0,151534.0,0.0,277721.0,282148.0,-0.6851494060228003,-0.4156911780355488,,-0.5400585182771089
2024-10-09,127107,31861062,149090,27989200,0.0,0.0,62.47,54.88,0.0,124288,45.0,82859,30.0,41429,15.0,13809,5.0,13809,5.0,129743.0,150937.0,0.0,276197.0,280679.0,-0.6930012344328662,-0.42544096923066155,,-0.548752164942512
2024-10-10,126213,31987275,148440,28137640,0.0,0.0,62.72,55.17,0.0,123593,45.0,82395,30.0,41197,15.0,13732,5.0,13732,5.0,128866.0,150326.0,0.0,274653.0,279192.0,-0.7033444263494504,-0.4359782681601754,,-0.5590212782904946
2024-10-11,125316,32112591,147778,28285418,0.0,0.0,62.97,55.46,0.0,122892,45.0,81928,30.0,40964,15.0,13654,5.0,13654,5.0,127984.0,149702.0,0.0,273094.0,277686.0,-0.7107033348387248,-0.4459714362705425,,-0.5676253308720458
2024-10-12,124415,32237006,147103,28432521,0.0,0.0,63.21,55.75,0.0,122183,45.0,81455,30.0,40727,15.0,13575,5.0,13575,5.0,127097.0,149065.0,0.0,271518.0,276161.0,-0.7189824124612998,-0.4567662304267195,,-0.5770906720762858
2024-10-13,123508,32360514,146416,28578937,0.0,0.0,63.45,56.04,0.0,121465,45.0,80977,30.0,40488,15.0,13496,5.0,13496,5.0,126204.0,148415.0,0.0,269924.0,274619.0,-0.729011775107502,-0.46701970727993647,,-0.5870697338666298
2024-10-14,122598,32483112,145719,28724656,0.0,0.0,63.69,56.32,0.0,120742,45.0,80495,30.0,40247,15.0,13415,5.0,13415,5.0,125307.0,147753.0,0.0,268317.0,273061.0,-0.7367943776921293,-0.4760408698502916,,-0.5953527659637525
2024-10-15,121684,32604796,145010,28869666,0.0,0.0,63.93,56.61,0.0,120012,45.0,80008,30.0,40004,15.0,13334,5.0,13334,5.0,124406.0,147079.0,0.0,266694.0,271485.0,-0.7455260281570619,-0.4865528860340751,,-0.6048815393732032
2024-10-16,120768,32725564,144289,29013955,0.0,0.0,64.17,56.89,0.0,119275,45.0,79517,30.0,39758,15.0,13252,5.0,13252,5.0,123500.0,146394.0,0.0,265057.0,269894.0,-0.7527694684592912,-0.4972070891662628,,-0.613812084261367
2024-10-17,119848,32845412,143559,29157514,0.0,0.0,64.4,57.17,0.0,118533,45.0,79022,30.0,39511,15.0,13170,5.0,13170,5.0,122591.0,145696.0,0.0,263407.0,268287.0,-0.7617912029676766,-0.5059290729023003,,-0.6225076115703443
2024-10-18,118925,32964337,142817,29300331,0.0,0.0,64.64,57.45,0.0,117783,45.0,78522,30.0,39261,15.0,13087,5.0,13087,5.0,121678.0,144988.0,0.0,261742.0,266666.0,-0.7701421800947905,-0.516860663559926,,-0.6321016525756673
2024-10-19,117999,33082336,142065,29442396,0.0,0.0,64.87,57.73,0.0,117028,45.0,78019,30.0,39009,15.0,13003,5.0,13003,5.0,120761.0,144268.0,0.0,260064.0,265029.0,-0.7786420012612982,-0.5265479599767531,,-0.6410893169609744
2024-10-20,117071,33199407,141304,29583700,0.0,0.0,65.1,58.01,0.0,116268,45.0,77512,30.0,38756,15.0,12918,5.0,12918,5.0,119842.0,143538.0,0.0,258375.0,263379.0,-0.7864473427740881,-0.5356702917678535,,-0.6494555186415618
2024-10-21,116142,33315549,140532,29724232,0.0,0.0,65.32,58.28,0.0,115503,45.0,77002,30.0,38501,15.0,12833,5.0,12833,5.0,118920.0,142797.0,0.0,256674.0,261716.0,-0.7935355468049354,-0.546339806374907,,-0.658345428156748
2024-10-22,115210,33430759,139752,29863984,0.0,0.0,65.55,58.56,0.0,114732,45.0,76488,30.0,38244,15.0,12748,5.0,12748,5.0,117995.0,142045.0,0.0,254962.0,260040.0,-0.8024659468581552,-0.5550337289727647,,-0.6669939300435579
2024-10-23,114276,33545035,138963,30002947,0.0,0.0,65.77,58.83,0.0,113957,45.0,75971,30.0,37985,15.0,12661,5.0,12661,5.0,117067.0,141285.0,0.0,253239.0,258352.0,-0.8106935161878326,-0.5645715267044493,,-0.675786980020554
2024-10-24,113341,33658376,138163,30141110,0.0,0.0,66.0,59.1,0.0,113176,45.0,75451,30.0,37725,15.0,12575,5.0,12575,5.0,116138.0,140514.0,0.0,251504.0,256651.0,-0.8181945465364548,-0.5756928103164194,,-0.685123539423238
2024-10-25,112405,33770781,137357,30278467,0.0,0.0,66.22,59.37,0.0,112392,45.0,74928,30.0,37464,15.0,12488,5.0,12488,5.0,115206.0,139734.0,0.0,249762.0,254940.0,-0.8258264882081479,-0.5833689193199376,,-0.6926331191551616
2024-10-26,111469,33882250,136541,30415008,0.0,0.0,66.44,59.64,0.0,111604,45.0,74403,30.0,37201,15.0,12400,5.0,12400,5.0,114273.0,138945.0,0.0,248010.0,253218.0,-0.8327031715671063,-0.5940723807305037,,-0.7014677973430694
2024-10-27,110530,33992780,135718,30550726,0.0,0.0,66.65,59.9,0.0,110811,45.0,73874,30.0,36937,15.0,12312,5.0,12312,5.0,113339.0,138147.0,0.0,246248.0,251486.0,-0.842386672527784,-0.6027493573358966,,-0.7104552235796979
2024-10-28,109593,34102373,134886,30685612,0.0,0.0,66.87,60.17,0.0,110015,45.0,73343,30.0,36671,15.0,12223,5.0,12223,5.0,112403.0,137340.0,0.0,244479.0,249743.0,-0.8477336469736696,-0.6130358537555836,,-0.7183814690880697
2024-10-29,108653,34211026,134048,30819660,4304470.1,4304470.1,67.08,60.43,8.44,2046226,45.0,1364151,30.0,682075,15.0,227358,5.0,227358,5.0,111467.0,136525.0,614924.0,4547171.1,862916.0,-0.857719014900582,-0.6212653648265953,inf,1759.943430724111
2024-10-30,107716,34318742,133203,30952863,1924353.9000000004,6228824.0,67.29,60.69,12.21,974372,45.0,649581,30.0,324790,15.0,108263,5.0,108263,5.0,110530.0,135702.0,889832.0,2165272.9000000004,1136064.0,-0.8623783972830923,-0.630371210312719,-55.29405814666942,-52.381978764775305
2024-10-31,106777,34425519,132350,31085213,80435.0,6309259.0,67.5,60.95,12.37,143802,45.0,95868,30.0,47934,15.0,15978,5.0,15978,5.0,109592.0,134872.0,901323.0,319562.0,1145786.0,-0.8717367893349204,-0.6403759675082443,-95.82015553376124,-85.24149080700174
2024-11-01,105839,34531358,131491,31216704,81296.0,6390555.0,67.71,61.21,12.53,143381,45.0,95587,30.0,47793,15.0,15931,5.0,15931,5.0,108654.0,134034.0,912936.0,318626.0,1155624.0,-0.878466336383299,-0.6490366452587826,1.0704295393796137,-0.29290090811798786
2024-11-02,104901,34636259,130626,31347330,82160.0,6472715.0,67.91,61.47,12.69,142959,45.0,95306,30.0,47653,15.0,15884,5.0,15884,5.0,107716.0,133189.0,924674.0,317687.0,1165578.0,-0.8862517597483022,-0.6578397000555181,1.0627829167486613,-0.294702880493114
2024-11-03,103965,34740224,129754,31477084,83029.0,6555744.0,68.12,61.72,12.85,142536,45.0,95024,30.0,47512,15.0,15837,5.0,15837,5.0,106778.0,132337.0,936535.0,316748.0,1175649.0,-0.89226985443418,-0.6675546981458558,1.057692307692304,-0.2955739454242656
2024-11-04,103029,34843253,128877,31605961,83903.0,6639647.0,68.32,61.97,13.02,142114,45.0,94742,30.0,47371,15.0,15790,5.0,15790,5.0,105840.0,131478.0,948521.0,315809.0,1185839.0,-0.9003029865820245,-0.6758943847588461,1.0526442568259187,-0.29645017490244063
2024-11-05,102095,34945348,127994,31733955,84779.0,6724426.0,68.52,62.22,13.19,141690,45.0,94460,30.0,47230,15.0,15743,5.0,15743,5.0,104903.0,130614.0,345708.0,314868.0,581225.0,-0.9065408768405003,-0.6851494060228003,1.0440627867895014,-0.2979649091697789
2024-11-06,101161,35046509,127107,31861062,85662.0,6810088.0,68.72,62.47,13.35,141268,45.0,94179,30.0,47089,15.0,15696,5.0,15696,5.0,103967.0,129743.0,83038.0,313930.0,316747.0,-0.9148342230275719,-0.6930012344328662,1.0415315113412538,-0.2979026131585294
2024-11-07,100229,35146738,126213,31987275,86547.0,6896635.0,68.92,62.72,13.52,140845,45.0,93896,30.0,46948,15.0,15649,5.0,15649,5.0,103031.0,128866.0,83911.0,312989.0,315808.0,-0.9213036644556749,-0.7033444263494504,1.0331302094277461,-0.29974835154333856
2024-11-08,99299,35246037,125316,32112591,87437.0,6984072.0,69.11,62.97,13.69,140423,45.0,93615,30.0,46807,15.0,15602,5.0,15602,5.0,102097.0,127984.0,84788.0,312052.0,314869.0,-0.9278751658701623,-0.7107033348387248,1.0283429812703027,-0.2993715434088773
2024-11-09,98371,35344408,124415,32237006,88331.0,7072403.0,69.3,63.21,13.87,140002,45.0,93335,30.0,46667,15.0,15555,5.0,15555,5.0,101164.0,127097.0,85670.0,311117.0,313930.0,-0.9345512039396153,-0.7189824124612998,1.0224504500383036,-0.29962954892133187
2024-11-10,97445,35441853,123508,32360514,89228.0,7161631.0,69.49,63.45,14.04,139581,45.0,93054,30.0,46527,15.0,15509,5.0,15509,5.0,100233.0,126204.0,86555.0,310181.0,312992.0,-0.9413343363389615,-0.729011775107502,1.015498522602476,-0.300851448169015
2024-11-11,96521,35538374,122598,32483112,90128.0,7251759.0,69.68,63.69,14.22,139161,45.0,92774,30.0,46387,15.0,15462,5.0,15462,5.0,99303.0,125307.0,87445.0,309247.0,312055.0,-0.9482272050900464,-0.7367943776921293,1.0086519926480575,-0.3011145105599633
2024-11-12,95599,35633973,121684,32604796,91032.0,7342791.0,69.87,63.93,14.4,138741,45.0,92494,30.0,46247,15.0,15415,5.0,15415,5.0,98375.0,124406.0,88338.0,308315.0,311119.0,-0.9552325400689954,-0.7455260281570619,1.003017930055039,-0.3013772162704931
2024-11-13,94680,35728653,120768,32725564,91940.0,7434731.0,70.06,64.17,14.58,138324,45.0,92216,30.0,46108,15.0,15369,5.0,15369,5.0,97449.0,123500.0,89235.0,307388.0,310184.0,-0.9613071266435846,-0.7527694684592912,0.9974514456454919,-0.30066652611776545
2024-11-14,93764,35822417,119848,32845412,92851.0,7527582.0,70.24,64.4,14.76,137908,45.0,91938,30.0,45969,15.0,15323,5.0,15323,5.0,96526.0,122591.0,90135.0,306463.0,309252.0,-0.9674693705111981,-0.7617912029676766,0.9908636067000209,-0.30092261246372765
2024-11-15,92851,35915268,118925,32964337,93764.0,7621346.0,70.42,64.64,14.94,137493,45.0,91662,30.0,45831,15.0,15277,5.0,15277,5.0,95604.0,121678.0,91039.0,305540.0,308322.0,-0.9737212576255261,-0.7701421800947905,0.9832958180310492,-0.3011782825332876
2024-11-16,91940,36007208,117999,33082336,94680.0,7716026.0,70.6,64.87,15.13,137078,45.0,91385,30.0,45692,15.0,15230,5.0,15230,5.0,94686.0,120761.0,91946.0,304619.0,307393.0,-0.9811418293825591,-0.7786420012612982,0.9769207798302038,-0.30143352752504127
2024-11-17,91032,36098240,117071,33199407,95599.0,7811625.0,70.78,65.1,15.32,136665,45.0,91110,30.0,45555,15.0,15185,5.0,15185,5.0,93770.0,119842.0,92856.0,303702.0,306468.0,-0.9876006090928868,-0.7864473427740881,0.9706379383185526,-0.30103178068341396
2024-11-18,90128,36188368,116142,33315549,96521.0,7908146.0,70.96,65.32,15.51,136255,45.0,90837,30.0,45418,15.0,15139,5.0,15139,5.0,92856.0,118920.0,93770.0,302791.0,305545.0,-0.993057386413565,-0.7935355468049354,0.9644452347827848,-0.2999650973651846
2024-11-19,89228,36277596,115210,33430759,97445.0,8005591.0,71.13,65.55,15.7,135847,45.0,90564,30.0,45282,15.0,15094,5.0,15094,5.0,91946.0,117995.0,94686.0,301883.0,304627.0,-0.9985797976211575,-0.8024659468581552,0.9573046280084041,-0.29987681271900213
2024-11-20,88331,36365927,114276,33545035,98371.0,8103962.0,71.31,65.77,15.89,135440,45.0,90293,30.0,45146,15.0,15048,5.0,15048,5.0,91039.0,117067.0,95604.0,300978.0,303711.0,-1.0052898193392168,-0.8106935161878326,0.9502796449279094,-0.2997850160492588
2024-11-21,87437,36453364,113341,33658376,99299.0,8203261.0,71.48,66.0,16.08,135034,45.0,90023,30.0,45011,15.0,15003,5.0,15003,5.0,90135.0,116138.0,96526.0,300077.0,302799.0,-1.0121022064733753,-0.8181945465364548,0.9433674558559035,-0.29935742811767474
2024-11-22,86547,36539911,112405,33770781,100229.0,8303490.0,71.65,66.22,16.28,134631,45.0,89754,30.0,44877,15.0,14959,5.0,14959,5.0,89235.0,115206.0,97449.0,299181.0,301890.0,-1.0178757276667727,-0.8258264882081479,0.9365653229136184,-0.29859002855933126
2024-11-23,85662,36625573,111469,33882250,101161.0,8404651.0,71.81,66.44,16.48,134231,45.0,89487,30.0,44743,15.0,14914,5.0,14914,5.0,88338.0,114273.0,98375.0,298292.0,300986.0,-1.0225657735103422,-0.8327031715671063,0.9298705963344034,-0.29714453792185624
2024-11-24,84779,36710352,110530,33992780,102095.0,8506746.0,71.98,66.65,16.68,133831,45.0,89221,30.0,44610,15.0,14870,5.0,14870,5.0,87445.0,113339.0,99303.0,297404.0,300087.0,-1.030795451892319,-0.842386672527784,0.9232807109459173,-0.29769487616161383
2024-11-25,83903,36794255,109593,34102373,103029.0,8609775.0,72.15,66.87,16.88,133436,45.0,88957,30.0,44478,15.0,14826,5.0,14826,5.0,86555.0,112403.0,100233.0,296525.0,299191.0,-1.033274749643187,-0.8477336469736696,0.914834223027583,-0.2955575580691594
2024-11-26,83029,36877284,108653,34211026,103965.0,8713740.0,72.31,67.08,17.09,133041,45.0,88694,30.0,44347,15.0,14782,5.0,14782,5.0,85670.0,111467.0,101164.0,295647.0,298301.0,-1.0416790817968313,-0.857719014900582,0.9084820778615832,-0.2960964505522301
2024-11-27,82160,36959444,107716,34318742,104901.0,8818641.0,72.47,67.29,17.29,132649,45.0,88433,30.0,44216,15.0,14738,5.0,14738,5.0,84788.0,110530.0,102097.0,294777.0,297415.0,-1.0466222645099887,-0.8623783972830923,0.9003029865820134,-0.2942698556048229
2024-11-28,81296,37040740,106777,34425519,105839.0,8924480.0,72.63,67.5,17.5,132260,45.0,88173,30.0,44086,15.0,14695,5.0,14695,5.0,83911.0,109592.0,103031.0,293912.0,296534.0,-1.0516066212268749,-0.8717367893349204,0.8941764139521968,-0.2934421613626559
2024-11-29,80435,37121175,105839,34531358,106777.0,9031257.0,72.79,67.71,17.71,131872,45.0,87915,30.0,43957,15.0,14652,5.0,14652,5.0,83038.0,108654.0,103967.0,293051.0,295658.0,-1.0590926982877336,-0.878466336383299,0.8862517597483022,-0.29294482702305613
2024-11-30,79581,37200756,104901,34636259,107716.0,9138973.0,72.94,67.91,17.92,131489,45.0,87659,30.0,43829,15.0,14609,5.0,14609,5.0,82169.0,107716.0,104903.0,292198.0,294788.0,-1.061726860197676,-0.8862517597483022,0.879402867658774,-0.29107561482472066
2024-12-01,78730,37279486,103965,34740224,108653.0,9247626.0,73.1,68.12,18.13,131106,45.0,87404,30.0,43702,15.0,14567,5.0,14567,5.0,81305.0,106778.0,105840.0,291348.0,293923.0,-1.0693507244191491,-0.89226985443418,0.8698800549593377,-0.2908986372254452
2024-12-02,77884,37357370,103029,34843253,109593.0,9357219.0,73.25,68.32,18.35,130727,45.0,87151,30.0,43575,15.0,14525,5.0,14525,5.0,80445.0,105840.0,106778.0,290506.0,293063.0,-1.0745586180617273,-0.9003029865820245,0.8651394807322355,-0.2890014690336007
2024-12-03,77044,37434414,102095,34945348,110530.0,9467749.0,73.4,68.52,18.56,130351,45.0,86900,30.0,43450,15.0,14483,5.0,14483,5.0,79590.0,104903.0,107716.0,289669.0,292209.0,-1.0785270402136504,-0.9065408768405003,0.8549816137892075,-0.28811797346698365
2024-12-04,76208,37510622,101161,35046509,111469.0,9579218.0,73.55,68.72,18.78,129977,45.0,86651,30.0,43325,15.0,14441,5.0,14441,5.0,78740.0,103967.0,108654.0,288838.0,291360.0,-1.0850942318675005,-0.9148342230275719,0.8495431104677431,-0.28687916207809083
2024-12-05,75378,37586000,100229,35146738,112405.0,9691623.0,73.7,68.92,19.0,129605,45.0,86403,30.0,43201,15.0,14400,5.0,14400,5.0,77894.0,103031.0,109592.0,288012.0,290517.0,-1.089124501364691,-0.9213036644556749,0.8396953413056574,-0.28597345224659065
2024-12-06,74552,37660552,99299,35246037,113341.0,9804964.0,73.84,69.11,19.23,129236,45.0,86157,30.0,43078,15.0,14359,5.0,14359,5.0,77054.0,102097.0,110530.0,287192.0,289680.0,-1.09581044867203,-0.9278751658701623,0.8327031715670952,-0.2847103592905853
2024-12-07,73732,37734284,98371,35344408,114276.0,9919240.0,73.99,69.3,19.45,128870,45.0,85913,30.0,42956,15.0,14318,5.0,14318,5.0,76218.0,101164.0,111467.0,286379.0,288849.0,-1.099903423114068,-0.9345512039396153,0.8249441949515157,-0.2830858798295255
2024-12-08,72917,37807201,97445,35441853,115210.0,10034450.0,74.13,69.49,19.68,128507,45.0,85671,30.0,42835,15.0,14278,5.0,14278,5.0,75388.0,100233.0,112403.0,285572.0,288024.0,-1.1053545272066367,-0.9413343363389615,0.8173194721551313,-0.28179440531602706
2024-12-09,72107,37879308,96521,35538374,116142.0,10150592.0,74.27,69.68,19.9,128146,45.0,85431,30.0,42715,15.0,14238,5.0,14238,5.0,74563.0,99303.0,113339.0,284770.0,287205.0,-1.110852064676271,-0.9482272050900464,0.8089575557677309,-0.2808398582494043
2024-12-10,71303,37950611,95599,35633973,117071.0,10267663.0,74.41,69.87,20.13,127787,45.0,85191,30.0,42595,15.0,14198,5.0,14198,5.0,73742.0,98375.0,114273.0,283973.0,286391.0,-1.1150096384539676,-0.9552325400689954,0.7998829019648435,-0.27987498683147427
2024-12-11,70505,38021116,94680,35728653,117999.0,10385662.0,74.55,70.06,20.36,127432,45.0,84955,30.0,42477,15.0,14159,5.0,14159,5.0,72928.0,97449.0,115206.0,283184.0,285583.0,-1.1191674964587728,-0.9613071266435846,0.7926813643003072,-0.27784331608990964
2024-12-12,69712,38090828,93764,35822417,118925.0,10504587.0,74.69,70.24,20.6,127080,45.0,84720,30.0,42360,15.0,14120,5.0,14120,5.0,72118.0,96526.0,116138.0,282401.0,284782.0,-1.1247429260336173,-0.9674693705111981,0.7847524131560535,-0.2764986722413654
2024-12-13,68924,38159752,92851,35915268,119848.0,10624435.0,74.82,70.42,20.83,126730,45.0,84486,30.0,42243,15.0,14081,5.0,14081,5.0,71314.0,95604.0,117067.0,281623.0,283986.0,-1.130364929997707,-0.9737212576255261,0.776119402985076,-0.27549477516014553
2024-12-14,68143,38227895,91940,36007208,120768.0,10745203.0,74.96,70.6,21.07,126382,45.0,84255,30.0,42127,15.0,14042,5.0,14042,5.0,70516.0,94686.0,117995.0,280851.0,283196.0,-1.1331321455516186,-0.9811418293825591,0.7676390094119245,-0.27412533777425585
2024-12-15,67366,38295261,91032,36098240,121684.0,10866887.0,75.09,70.78,21.31,126036,45.0,84024,30.0,42012,15.0,14004,5.0,14004,5.0,69723.0,93770.0,118920.0,280082.0,282412.0,-1.1402491818675475,-0.9876006090928868,0.7584790673025976,-0.27381066829030853
2024-12-16,66596,38361857,90128,36188368,122598.0,10989485.0,75.22,70.96,21.55,125694,45.0,83796,30.0,41898,15.0,13966,5.0,13966,5.0,68936.0,92856.0,119842.0,279322.0,281634.0,-1.143009826915653,-0.993057386413565,0.7511258669997689,-0.2713491049049943
2024-12-17,65831,38427688,89228,36277596,123508.0,11112993.0,75.35,71.13,21.79,125355,45.0,83570,30.0,41785,15.0,13928,5.0,13928,5.0,68154.0,91946.0,120761.0,278567.0,280861.0,-1.1487176406991373,-0.9985797976211575,0.7422633321913841,-0.2702973629001626
2024-12-18,65072,38492760,88331,36365927,124415.0,11237408.0,75.48,71.31,22.03,125018,45.0,83345,30.0,41672,15.0,13890,5.0,13890,5.0,67378.0,91039.0,121678.0,277818.0,280095.0,-1.1529522565356776,-1.0052898193392168,0.7343653852382115,-0.26887606931187413
2024-12-19,64320,38557080,87437,36453364,125316.0,11362724.0,75.6,71.48,22.28,124682,45.0,83121,30.0,41560,15.0,13853,5.0,13853,5.0,66607.0,90135.0,122591.0,277073.0,279334.0,-1.1556429800836043,-1.0121022064733753,0.7241892054816512,-0.2681611702625486
2024-12-20,63572,38620652,86547,36539911,126213.0,11488937.0,75.73,71.65,22.53,124349,45.0,82899,30.0,41449,15.0,13816,5.0,13816,5.0,65843.0,89235.0,123500.0,276332.0,278578.0,-1.1629353233830853,-1.0178757276667727,0.7157904816623484,-0.2674385450765704
2024-12-21,62832,38683484,85662,36625573,127107.0,11616044.0,75.85,71.81,22.78,124020,45.0,82680,30.0,41340,15.0,13780,5.0,13780,5.0,65084.0,88338.0,124406.0,275601.0,277828.0,-1.164034480588938,-1.0225657735103422,0.7083264006084944,-0.26453686145651023
2024-12-22,62096,38745580,84779,36710352,127994.0,11744038.0,75.97,71.98,23.03,123691,45.0,82460,30.0,41230,15.0,13743,5.0,13743,5.0,64331.0,87445.0,125307.0,274869.0,277083.0,-1.1713776419658761,-1.030795451892319,0.6978372552259193,-0.26560135848563426
2024-12-23,61366,38806946,83903,36794255,128877.0,11872915.0,76.09,72.15,23.28,123365,45.0,82243,30.0,41121,15.0,13707,5.0,13707,5.0,63584.0,86555.0,126204.0,274146.0,276344.0,-1.175599072404021,-1.033274749643187,0.689876087941621,-0.2630343909280408
2024-12-24,60644,38867590,83029,36877284,129754.0,12002669.0,76.21,72.31,23.53,123042,45.0,82028,30.0,41014,15.0,13671,5.0,13671,5.0,62843.0,85670.0,127097.0,273427.0,275609.0,-1.1765472737346405,-1.0416790817968313,0.6804938041698572,-0.26226900994360536
2024-12-25,59926,38927516,82160,36959444,130626.0,12133295.0,76.33,72.47,23.79,122720,45.0,81813,30.0,40906,15.0,13635,5.0,13635,5.0,62108.0,84788.0,127984.0,272712.0,274880.0,-1.1839588417650537,-1.0466222645099887,0.6720409390076565,-0.2614957557227293
2024-12-26,59215,38986731,81296,37040740,131491.0,12264786.0,76.44,72.63,24.05,122400,45.0,81600,30.0,40800,15.0,13600,5.0,13600,5.0,61379.0,83911.0,128866.0,272002.0,274156.0,-1.1864633047425133,-1.0516066212268749,0.6621958874956091,-0.26034791281644987
2024-12-27,58510,39045241,80435,37121175,132350.0,12397136.0,76.56,72.79,24.31,122082,45.0,81388,30.0,40694,15.0,13564,5.0,13564,5.0,60656.0,83038.0,129743.0,271295.0,273436.0,-1.1905767119817612,-1.0590926982877336,0.6532766501129439,-0.259924559378244
2024-12-28,57811,39103052,79581,37200756,133203.0,12530339.0,76.67,72.94,24.57,121767,45.0,81178,30.0,40589,15.0,13529,5.0,13529,5.0,59938.0,82169.0,130614.0,270595.0,272721.0,-1.194667578191766,-1.061726860197676,0.6445032111824789,-0.2580217106839422
2024-12-29,57118,39160170,78730,37279486,134048.0,12664387.0,76.78,73.1,24.83,121453,45.0,80968,30.0,40484,15.0,13494,5.0,13494,5.0,59227.0,81305.0,131478.0,269896.0,272010.0,-1.198733804985208,-1.0693507244191491,0.6343700967695876,-0.2583196289657974
2024-12-30,56430,39216600,77884,37357370,134886.0,12799273.0,76.9,73.25,25.1,121140,45.0,80760,30.0,40380,15.0,13460,5.0,13460,5.0,58522.0,80445.0,132337.0,269200.0,271304.0,-1.2045239679260522,-1.0745586180617273,0.6251492002864678,-0.25787710821946197
2024-12-31,55750,39272350,77044,37434414,135718.0,12934991.0,77.0,73.4,25.36,120830,45.0,80553,30.0,40276,15.0,13425,5.0,13425,5.0,57823.0,79590.0,133189.0,268512.0,270602.0,-1.2050327839801533,-1.0785270402136504,0.6168171641237841,-0.2555720653788951
2025-01-01,55075,39327425,76208,37510622,136541.0,13071532.0,77.11,73.55,25.63,120520,45.0,80347,30.0,40173,15.0,13391,5.0,13391,5.0,57130.0,78740.0,134034.0,267824.0,269903.0,-1.2107623318385663,-1.0850942318675005,0.6064044562990922,-0.2562269097842962
2025-01-02,54406,39381831,75378,37586000,137357.0,13208889.0,77.22,73.7,25.9,120213,45.0,80142,30.0,40071,15.0,13357,5.0,13357,5.0,56443.0,77894.0,134872.0,267141.0,269209.0,-1.2147072174307771,-1.089124501364691,0.5976226920851646,-0.2550182209211993
2025-01-03,53744,39435575,74552,37660552,138163.0,13347052.0,77.32,73.84,26.17,119906,45.0,79937,30.0,39968,15.0,13322,5.0,13322,5.0,55762.0,77054.0,135702.0,266459.0,268518.0,-1.2167775612983878,-1.09581044867203,0.5867920819470518,-0.25529589243133977
2025-01-04,53087,39488662,73732,37734284,138963.0,13486015.0,77.43,73.99,26.44,119601,45.0,79734,30.0,39867,15.0,13289,5.0,13289,5.0,55087.0,76218.0,136525.0,265782.0,267831.0,-1.2224620422744858,-1.099903423114068,0.5790262226500476,-0.2540728592391295
2025-01-05,52437,39541099,72917,37807201,139752.0,13625767.0,77.53,74.13,26.72,119297,45.0,79531,30.0,39765,15.0,13255,5.0,13255,5.0,54418.0,75388.0,137340.0,265106.0,267146.0,-1.2244052216173418,-1.1053545272066367,0.5677770341745658,-0.2543437855084263
2025-01-06,51792,39592891,72107,37879308,140532.0,13766299.0,77.63,74.27,26.99,118993,45.0,79329,30.0,39664,15.0,13221,5.0,13221,5.0,53756.0,74563.0,138147.0,264431.0,266465.0,-1.2300474855540977,-1.110852064676271,0.5581315473123905,-0.2546151350780401
2025-01-07,51154,39644045,71303,37950611,141304.0,13907603.0,77.73,74.41,27.27,118692,45.0,79128,30.0,39564,15.0,13188,5.0,13188,5.0,53099.0,73742.0,138945.0,263761.0,265786.0,-1.2318504788384255,-1.1150096384539676,0.54934107534228,-0.2533742261686456
2025-01-08,50522,39694567,70505,38021116,142065.0,14049668.0,77.83,74.55,27.55,118391,45.0,78927,30.0,39463,15.0,13154,5.0,13154,5.0,52449.0,72928.0,139734.0,263092.0,265110.0,-1.235485006060133,-1.1191674964587728,0.5385551718281256,-0.25363871080258393
2025-01-09,49896,39744463,69712,38090828,142817.0,14192485.0,77.93,74.69,27.83,118091,45.0,78727,30.0,39363,15.0,13121,5.0,13121,5.0,51805.0,72118.0,140514.0,262425.0,264437.0,-1.23906417006453,-1.1247429260336173,0.5293351634815036,-0.25352348227996035
2025-01-10,49276,39793739,68924,38159752,143559.0,14336044.0,78.03,74.82,28.11,117791,45.0,78527,30.0,39263,15.0,13087,5.0,13087,5.0,51166.0,71314.0,141285.0,261759.0,263765.0,-1.2425845759179044,-1.130364929997707,0.5195459924238754,-0.25378679622749534
2025-01-11,48662,39842401,68143,38227895,144289.0,14480333.0,78.12,74.96,28.39,117492,45.0,78328,30.0,39164,15.0,13054,5.0,13054,5.0,50534.0,70516.0,142045.0,261094.0,263095.0,-1.246042698270966,-1.1331321455516186,0.5085017309956141,-0.2540504815498279
2025-01-12,48054,39890455,67366,38295261,145010.0,14625343.0,78.22,75.09,28.68,117193,45.0,78129,30.0,39064,15.0,13021,5.0,13021,5.0,49908.0,69723.0,142797.0,260430.0,262427.0,-1.2494348773170016,-1.1402491818675475,0.4996915911815947,-0.2543145380590861
2025-01-13,47451,39937906,66596,38361857,145719.0,14771062.0,78.31,75.22,28.96,116894,45.0,77929,30.0,38964,15.0,12988,5.0,12988,5.0,49288.0,68936.0,143538.0,259766.0,261761.0,-1.2548383069047375,-1.143009826915653,0.4889317978070462,-0.2549629458971747
2025-01-14,46856,39984762,65831,38427688,146416.0,14917478.0,78.4,75.35,29.25,116596,45.0,77730,30.0,38865,15.0,12955,5.0,12955,5.0,48674.0,68154.0,144268.0,259103.0,261096.0,-1.2539251016838393,-1.1487176406991373,0.4783178583438019,-0.2552297067360598
2025-01-15,46266,40031028,65072,38492760,147103.0,15064581.0,78.49,75.48,29.54,116298,45.0,77532,30.0,38766,15.0,12922,5.0,12922,5.0,48066.0,67378.0,144988.0,258441.0,260431.0,-1.2591770530988589,-1.1529522565356776,0.46921101518959674,-0.2554968487435527
2025-01-16,45682,40076710,64320,38557080,147778.0,15212359.0,78.58,75.6,29.83,116001,45.0,77334,30.0,38667,15.0,12889,5.0,12889,5.0,47464.0,66607.0,145696.0,257780.0,259768.0,-1.2622660268879926,-1.1556429800836043,0.4588621578077934,-0.25576437175216515
2025-01-17,45104,40121814,63572,38620652,148440.0,15360799.0,78.67,75.73,30.12,115702,45.0,77134,30.0,38567,15.0,12855,5.0,12855,5.0,46868.0,65843.0,146394.0,257116.0,259104.0,-1.2652685959458898,-1.1629353233830853,0.44796925117405184,-0.2575839863449447
2025-01-18,44532,40166346,62832,38683484,149090.0,15509889.0,78.76,75.85,30.41,115404,45.0,76936,30.0,38468,15.0,12822,5.0,12822,5.0,46278.0,65084.0,147079.0,256454.0,258441.0,-1.2681802057467162,-1.164034480588938,0.43788736189707134,-0.2574713358950875
2025-01-19,43965,40210311,62096,38745580,149727.0,15659616.0,78.84,75.97,30.71,115104,45.0,76736,30.0,38368,15.0,12789,5.0,12789,5.0,45694.0,64331.0,147753.0,255788.0,257778.0,-1.2732417138237695,-1.1713776419658761,0.4272587027969621,-0.2596956959142749
2025-01-20,43406,40253717,61366,38806946,150352.0,15809968.0,78.93,76.09,31.0,114805,45.0,76537,30.0,38268,15.0,12756,5.0,12756,5.0,45116.0,63584.0,148415.0,255124.0,257115.0,-1.271465938814964,-1.175599072404021,0.41742638268313925,-0.2595899729463502
2025-01-21,42850,40296567,60644,38867590,150963.0,15960931.0,79.01,76.21,31.3,114505,45.0,76337,30.0,38168,15.0,12722,5.0,12722,5.0,44544.0,62843.0,149065.0,254457.0,256451.0,-1.2809289038381744,-1.1765472737346405,0.40637969564754073,-0.26144149511609927
2025-01-22,42302,40338869,59926,38927516,151562.0,16112493.0,79.1,76.33,31.59,114205,45.0,76137,30.0,38068,15.0,12689,5.0,12689,5.0,43977.0,62108.0,149702.0,253790.0,255787.0,-1.278879813302214,-1.1839588417650537,0.39678596742247496,-0.2621268033498825
2025-01-23,41759,40380628,59215,38986731,152146.0,16264639.0,79.18,76.44,31.89,113904,45.0,75936,30.0,37968,15.0,12656,5.0,12656,5.0,43417.0,61379.0,150326.0,253120.0,255121.0,-1.2836272516665859,-1.1864633047425133,0.3853208587904611,-0.26399779345127605
2025-01-24,41222,40421850,58510,39045241,152717.0,16417356.0,79.26,76.56,32.19,113602,45.0,75734,30.0,37867,15.0,12622,5.0,12622,5.0,42862.0,60656.0,150937.0,252449.0,254455.0,-1.2859503340597267,-1.1905767119817612,0.3752974116966623,-0.26509165613147756
2025-01-25,40691,40462541,57811,39103052,153273.0,16570629.0,79.34,76.67,32.49,113298,45.0,75532,30.0,37766,15.0,12588,5.0,12588,5.0,42314.0,59938.0,151534.0,251775.0,253786.0,-1.2881471059143168,-1.194667578191766,0.36407210723101713,-0.26698461867545875
2025-01-26,40165,40502706,57118,39160170,153816.0,16724445.0,79.42,76.78,32.79,112994,45.0,75329,30.0,37664,15.0,12554,5.0,12554,5.0,41771.0,59227.0,152118.0,251099.0,253116.0,-1.2926691405962032,-1.198733804985208,0.354269832260079,-0.2684936947671579
2025-01-27,39645,40542351,56430,39216600,154344.0,16878789.0,79.49,76.9,33.1,112688,45.0,75125,30.0,37562,15.0,12520,5.0,12520,5.0,41233.0,58522.0,152689.0,250419.0,252444.0,-1.2946595294410557,-1.2045239679260522,0.34326728038696075,-0.270809521344173
2025-01-28,39131,40581482,55750,39272350,154857.0,17033646.0,79.57,77.0,33.4,112382,45.0,74921,30.0,37460,15.0,12486,5.0,12486,5.0,40702.0,57823.0,153245.0,249738.0,251770.0,-1.2965064951444116,-1.2050327839801533,0.3323744363240566,-0.2719442214847878
2025-01-29,38623,40620105,55075,39327425,155355.0,17189001.0,79.65,77.11,33.7,112073,45.0,74715,30.0,37357,15.0,12452,5.0,12452,5.0,40177.0,57130.0,153787.0,249053.0,251093.0,-1.2982034703943213,-1.2107623318385663,0.32158701253415245,-0.2742874532510098
2025-01-30,38119,40658224,54406,39381831,155838.0,17344839.0,79.72,77.22,34.01,111763,45.0,74508,30.0,37254,15.0,12418,5.0,12418,5.0,39657.0,56443.0,154314.0,248363.0,250414.0,-1.3049219377055166,-1.2147072174307771,0.31090084001159646,-0.27704946336724046
2025-01-31,37621,40695845,53744,39435575,156305.0,17501144.0,79.8,77.32,34.32,111451,45.0,74301,30.0,37150,15.0,12383,5.0,12383,5.0,39142.0,55762.0,154827.0,247670.0,249731.0,-1.3064351110994465,-1.2167775612983878,0.2996701703050553,-0.279027069249449
2025-02-01,37130,40732975,53087,39488662,156758.0,17657902.0,79.87,77.43,34.62,111138,45.0,74092,30.0,37046,15.0,12348,5.0,12348,5.0,38633.0,55087.0,155325.0,246975.0,249045.0,-1.3051221392307522,-1.2224620422744858,0.289817984069618,-0.2806153349214635
2025-02-02,36643,40769618,52437,39541099,157195.0,17815097.0,79.94,77.53,34.93,110823,45.0,73882,30.0,36941,15.0,12313,5.0,12313,5.0,38130.0,54418.0,155807.0,246275.0,248356.0,-1.311607864260711,-1.2244052216173418,0.278773651105535,-0.2834294969126461
2025-02-03,36162,40805780,51792,39592891,157614.0,17972711.0,80.01,77.63,35.24,110505,45.0,73670,30.0,36835,15.0,12278,5.0,12278,5.0,37633.0,53756.0,156275.0,245568.0,247663.0,-1.3126654476980582,-1.2300474855540977,0.2665479181907848,-0.2870774540655763
2025-02-04,35687,40841467,51154,39644045,158020.0,18130731.0,80.08,77.73,35.55,110187,45.0,73458,30.0,36729,15.0,12243,5.0,12243,5.0,37141.0,53099.0,156726.0,244861.0,246966.0,-1.3135335434987017,-1.2318504788384255,0.25759133071934226,-0.2879039614282042
2025-02-05,35216,40876683,50522,39694567,158407.0,18289138.0,80.15,77.83,35.86,109865,45.0,73243,30.0,36621,15.0,12207,5.0,12207,5.0,36654.0,52449.0,157162.0,244145.0,246265.0,-1.319808333566841,-1.235485006060133,0.2449057081382211,-0.2924107963293454
2025-02-06,34752,40911435,49896,39744463,158778.0,18447916.0,80.22,77.93,36.17,109541,45.0,73027,30.0,36513,15.0,12171,5.0,12171,5.0,36173.0,51805.0,157582.0,243426.0,245560.0,-1.317582916855975,-1.23906417006453,0.23420682166823692,-0.2944971226115589
2025-02-07,34292,40945727,49276,39793739,159134.0,18607050.0,80.29,78.03,36.48,109215,45.0,72810,30.0,36405,15.0,12135,5.0,12135,5.0,35697.0,51166.0,157987.0,242702.0,244850.0,-1.3236648250460448,-1.2425845759179044,0.22421242237589123,-0.29742098214652346
2025-02-08,33837,40979564,48662,39842401,159472.0,18766522.0,80.35,78.12,36.8,108886,45.0,72591,30.0,36295,15.0,12098,5.0,12098,5.0,35227.0,50534.0,158374.0,241971.0,244135.0,-1.3268400793187918,-1.246042698270966,0.21239961290484555,-0.30119240879762366
2025-02-09,33389,41012953,48054,39890455,159793.0,18926315.0,80.42,78.22,37.11,108556,45.0,72370,30.0,36185,15.0,12061,5.0,12061,5.0,34762.0,49908.0,158745.0,241236.0,243416.0,-1.3239944439518925,-1.2494348773170016,0.20128925453997137,-0.3037554087059968
2025-02-10,32945,41045898,47451,39937906,160098.0,19086413.0,80.48,78.31,37.42,108222,45.0,72148,30.0,36074,15.0,12024,5.0,12024,5.0,34303.0,49288.0,159100.0,240494.0,242691.0,-1.3297792686214005,-1.2548383069047375,0.19087194057312296,-0.3075826161932693
2025-02-11,32506,41078404,46856,39984762,160384.0,19246797.0,80.55,78.4,37.74,107885,45.0,71923,30.0,35961,15.0,11987,5.0,11987,5.0,33848.0,48674.0,159438.0,239746.0,241960.0,-1.332523903475491,-1.2539251016838393,0.17864058264314142,-0.31102647051485244
2025-02-12,32072,41110476,46266,40031028,160655.0,19407452.0,80.61,78.49,38.05,107546,45.0,71697,30.0,35848,15.0,11949,5.0,11949,5.0,33399.0,48066.0,159759.0,238993.0,241224.0,-1.3351381283455366,-1.2591770530988589,0.1689694732641689,-0.3140824038774359
2025-02-13,31644,41142120,45682,40076710,160906.0,19568358.0,80.67,78.58,38.37,107204,45.0,71469,30.0,35734,15.0,11911,5.0,11911,5.0,32955.0,47464.0,160063.0,238232.0,240482.0,-1.334497380892996,-1.2622660268879926,0.15623541128504392,-0.31841936793127745
2025-02-14,31221,41173341,45104,40121814,161142.0,19729500.0,80.73,78.67,38.69,106860,45.0,71240,30.0,35620,15.0,11873,5.0,11873,5.0,32516.0,46868.0,160350.0,237467.0,239734.0,-1.3367463026166093,-1.2652685959458898,0.14666948404657987,-0.32111555122738
2025-02-15,30802,41204143,44532,40166346,161358.0,19890858.0,80.79,78.76,39.0,106511,45.0,71007,30.0,35503,15.0,11834,5.0,11834,5.0,32083.0,46278.0,160619.0,236692.0,238980.0,-1.3420454181480412,-1.2681802057467162,0.1340432661875779,-0.3263611364947572
2025-02-16,30389,41234532,43965,40210311,161558.0,20052416.0,80.85,78.84,39.32,106160,45.0,70773,30.0,35386,15.0,11795,5.0,11795,5.0,31654.0,45694.0,160872.0,235912.0,238219.0,-1.340822024543864,-1.2732417138237695,0.12394799142279034,-0.3295421898500961
2025-02-17,29980,41264512,43406,40253717,161739.0,20214155.0,80.91,78.93,39.64,105806,45.0,70537,30.0,35268,15.0,11756,5.0,11756,5.0,31231.0,45116.0,161106.0,235125.0,237452.0,-1.345881733522003,-1.271465938814964,0.11203406826032491,-0.3335989691071295
2025-02-18,29576,41294088,42850,40296567,161903.0,20376058.0,80.97,79.01,39.95,105448,45.0,70298,30.0,35149,15.0,11716,5.0,11716,5.0,30812.0,44544.0,161323.0,234329.0,236679.0,-1.3475650433622421,-1.2809289038381744,0.10139793123489227,-0.3385433280170158
2025-02-19,29177,41323265,42302,40338869,162048.0,20538106.0,81.03,79.1,40.27,105087,45.0,70058,30.0,35029,15.0,11676,5.0,11676,5.0,30398.0,43977.0,161522.0,233527.0,235898.0,-1.3490668109277792,-1.278879813302214,0.08955979815075121,-0.34225383968693457
2025-02-20,28784,41352049,41759,40380628,162176.0,20700282.0,81.08,79.18,40.59,104723,45.0,69815,30.0,34907,15.0,11635,5.0,11635,5.0,29990.0,43417.0,161703.0,232719.0,235110.0,-1.3469513658018295,-1.2836272516665859,0.07898894154818592,-0.34599853550124626
2025-02-21,28394,41380443,41222,40421850,162286.0,20862568.0,81.14,79.26,40.91,104355,45.0,69570,30.0,34785,15.0,11595,5.0,11595,5.0,29586.0,42862.0,161867.0,231902.0,234315.0,-1.3549193996664766,-1.2859503340597267,0.06782754538279256,-0.3510671668407017
2025-02-22,28010,41408453,40691,40462541,162377.0,21024945.0,81.19,79.34,41.23,103985,45.0,69323,30.0,34661,15.0,11553,5.0,11553,5.0,29187.0,42314.0,162012.0,231078.0,233513.0,-1.3523983940269102,-1.2881471059143168,0.05607384494041856,-0.35532250692102973
2025-02-23,27629,41436082,40165,40502706,162449.0,21187394.0,81.25,79.42,41.54,103609,45.0,69072,30.0,34536,15.0,11512,5.0,11512,5.0,28793.0,41771.0,162140.0,230243.0,232703.0,-1.360228489825066,-1.2926691405962032,0.044341255227031695,-0.3613498472377241
2025-02-24,27255,41463337,39645,40542351,162505.0,21349899.0,81.3,79.49,41.86,103232,45.0,68821,30.0,34410,15.0,11470,5.0,11470,5.0,28404.0,41233.0,162249.0,229405.0,231886.0,-1.3536501502044995,-1.2946595294410557,0.03447235747835453,-0.3639632909578139
2025-02-25,26883,41490220,39131,40581482,162541.0,21512440.0,81.35,79.57,42.18,102849,45.0,68566,30.0,34283,15.0,11427,5.0,11427,5.0,28019.0,40702.0,162340.0,228555.0,231061.0,-1.3648871766648307,-1.2965064951444116,0.022153164518012858,-0.3705237462130251
2025-02-26,26518,41516738,38623,40620105,162560.0,21675000.0,81.41,79.65,42.5,102465,45.0,68310,30.0,34155,15.0,11385,5.0,11385,5.0,27639.0,40177.0,162413.0,227701.0,230229.0,-1.357735371796298,-1.2982034703943213,0.011689358377275916,-0.373651856227164
2025-02-27,26156,41542894,38119,40658224,162559.0,21837559.0,81.46,79.72,42.82,102075,45.0,68050,30.0,34025,15.0,11341,5.0,11341,5.0,27264.0,39657.0,162468.0,226834.0,229388.0,-1.3651104909872536,-1.3049219377055166,-0.0006151574803103799,-0.38076249116165695
2025-02-28,25799,41568693,37621,40695845,162541.0,22000100.0,81.51,79.8,43.14,101682,45.0,67788,30.0,33894,15.0,11298,5.0,11298,5.0,26893.0,39142.0,162505.0,225961.0,228540.0,-1.3648875974919705,-1.3064351110994465,-0.011072902761455339,-0.3848629394182512
2025-03-01,25446,41594139,37130,40732975,162505.0,22162605.0,81.56,79.87,43.46,101286,45.0,67524,30.0,33762,15.0,11254,5.0,11254,5.0,26527.0,38633.0,162523.0,225081.0,227683.0,-1.3682700879879106,-1.3051221392307522,-0.022148257977983032,-0.38944773655630316
2025-03-02,25097,41619236,36643,40769618,162449.0,22325054.0,81.61,79.94,43.77,100885,45.0,67256,30.0,33628,15.0,11209,5.0,11209,5.0,26165.0,38130.0,162523.0,224189.0,226818.0,-1.371531871413978,-1.311607864260711,-0.03446047813913111,-0.39630177580515236
2025-03-03,24754,41643990,36162,40805780,162377.0,22487431.0,81.65,80.01,44.09,100481,45.0,66987,30.0,33493,15.0,11164,5.0,11164,5.0,25808.0,37633.0,162505.0,223293.0,225945.0,-1.366697214806556,-1.3126654476980582,-0.04432160247216377,-0.39966278452555626
2025-03-04,24414,41668404,35687,40841467,162286.0,22649717.0,81.7,80.08,44.41,100074,45.0,66716,30.0,33358,15.0,11119,5.0,11119,5.0,25455.0,37141.0,162468.0,222387.0,225064.0,-1.373515391451885,-1.3135335434987017,-0.05604241980083913,-0.40574491811207203
2025-03-05,24078,41692482,35216,40876683,162176.0,22811893.0,81.75,80.15,44.73,99661,45.0,66441,30.0,33220,15.0,11073,5.0,11073,5.0,25106.0,36654.0,162413.0,221470.0,224174.0,-1.3762595232243768,-1.319808333566841,-0.06778157080709057,-0.41234424674103654
2025-03-06,23747,41716229,34752,40911435,162048.0,22973941.0,81.8,80.22,45.05,99246,45.0,66164,30.0,33082,15.0,11027,5.0,11027,5.0,24762.0,36173.0,162340.0,220547.0,223275.0,-1.374698895257076,-1.317582916855975,-0.07892659826361781,-0.41676073508827294
2025-03-07,23421,41739650,34292,40945727,161903.0,23135844.0,81.84,80.29,45.36,98827,45.0,65884,30.0,32942,15.0,10980,5.0,10980,5.0,24422.0,35697.0,162249.0,219616.0,222369.0,-1.3728049858929503,-1.3236648250460448,-0.08947966034754673,-0.42213224392079196
2025-03-08,23097,41762747,33837,40979564,161739.0,23297583.0,81.89,80.35,45.68,98402,45.0,65601,30.0,32800,15.0,10933,5.0,10933,5.0,24087.0,35227.0,162140.0,218673.0,221454.0,-1.3833738952222396,-1.3268400793187918,-0.1012952199773931,-0.42938583709748457
2025-03-09,22778,41785525,33389,41012953,161558.0,23459141.0,81.93,80.42,46.0,97976,45.0,65317,30.0,32658,15.0,10886,5.0,10886,5.0,23756.0,34762.0,162012.0,217725.0,220530.0,-1.38113174871195,-1.3239944439518925,-0.1119086923994872,-0.4335240290296416
2025-03-10,22463,41807988,32945,41045898,161358.0,23620499.0,81.98,80.48,46.31,97544,45.0,65029,30.0,32514,15.0,10838,5.0,10838,5.0,23428.0,34303.0,161867.0,216766.0,219598.0,-1.3829133374308578,-1.3297792686214005,-0.12379455056388267,-0.44046388793201885
2025-03-11,22153,41830141,32506,41078404,161142.0,23781641.0,82.02,80.55,46.63,97110,45.0,64740,30.0,32370,15.0,10790,5.0,10790,5.0,23105.0,33848.0,161703.0,215801.0,218657.0,-1.3800471887103205,-1.332523903475491,-0.13386383073662467,-0.4451805172397849
2025-03-12,21846,41851987,32072,41110476,160906.0,23942547.0,82.06,80.61,46.95,96670,45.0,64447,30.0,32223,15.0,10741,5.0,10741,5.0,22786.0,33399.0,161522.0,214824.0,217707.0,-1.3858168193924048,-1.3351381283455366,-0.14645467972347337,-0.4527319150513631
2025-03-13,21543,41873530,31644,41142120,160655.0,24103202.0,82.1,80.67,47.26,96228,45.0,64152,30.0,32076,15.0,10692,5.0,10692,5.0,22472.0,32955.0,161323.0,213842.0,216750.0,-1.386981598461956,-1.334497380892996,-0.15599169701564497,-0.45711838528283977
2025-03-14,21244,41894774,31221,41173341,160384.0,24263586.0,82.15,80.73,47.58,95782,45.0,63854,30.0,31927,15.0,10642,5.0,10642,5.0,22161.0,32516.0,161106.0,212849.0,215783.0,-1.3879218307570884,-1.3367463026166093,-0.1686844480408345,-0.4643615379579358
2025-03-15,20948,41915722,30802,41204143,160098.0,24423684.0,82.19,80.79,47.89,95331,45.0,63554,30.0,31777,15.0,10592,5.0,10592,5.0,21854.0,32083.0,160872.0,211848.0,214808.0,-1.393334588589723,-1.3420454181480412,-0.17832202713488066,-0.4702864471996526
2025-03-16,20658,41936380,30389,41234532,159793.0,24583477.0,82.23,80.85,48.2,94878,45.0,63252,30.0,31626,15.0,10542,5.0,10542,5.0,21551.0,31654.0,160619.0,210840.0,213824.0,-1.3843803704410962,-1.340822024543864,-0.1905083136578889,-0.4758128469468659
2025-03-17,20369,41956749,29980,41264512,159472.0,24742949.0,82.27,80.91,48.52,94419,45.0,62946,30.0,31473,15.0,10491,5.0,10491,5.0,21252.0,31231.0,160350.0,209821.0,212832.0,-1.3989737631910137,-1.345881733522003,-0.2008848948326869,-0.4833048757351577
2025-03-18,20086,41976835,29576,41294088,159134.0,24902083.0,82.31,80.97,48.83,93958,45.0,62638,30.0,31319,15.0,10439,5.0,10439,5.0,20956.0,30812.0,160063.0,208796.0,211831.0,-1.3893661937257606,-1.3475650433622421,-0.21194943312932146,-0.48851163610887927
2025-03-19,19806,41996641,29177,41323265,158778.0,25060861.0,82.35,81.03,49.14,93492,45.0,62328,30.0,31164,15.0,10388,5.0,10388,5.0,20665.0,30398.0,159759.0,207761.0,210822.0,-1.3940057751667845,-1.3490668109277792,-0.22371083489386434,-0.4956991513247355
2025-03-20,19528,42016169,28784,41352049,158407.0,25219268.0,82.38,81.08,49.45,93023,45.0,62015,30.0,31007,15.0,10335,5.0,10335,5.0,20377.0,29990.0,159438.0,206719.0,209805.0,-1.4036150661415725,-1.3469513658018295,-0.23365957500409706,-0.5015378247120506
2025-03-21,19256,42035425,28394,41380443,158020.0,25377288.0,82.42,81.14,49.76,92551,45.0,61701,30.0,30850,15.0,10283,5.0,10283,5.0,20093.0,29586.0,159100.0,205670.0,208779.0,-1.392871773863169,-1.3549193996664766,-0.24430738540595076,-0.5074521451825964
2025-03-22,18987,42054412,28010,41408453,157614.0,25534902.0,82.46,81.19,50.07,92074,45.0,61383,30.0,30691,15.0,10230,5.0,10230,5.0,19813.0,29187.0,158745.0,204611.0,207745.0,-1.3969671790610705,-1.3523983940269102,-0.256929502594605,-0.5149025137355934
2025-03-23,18721,42073133,27629,41436082,157195.0,25692097.0,82.5,81.25,50.38,91595,45.0,61063,30.0,30531,15.0,10177,5.0,10177,5.0,19536.0,28793.0,158374.0,203545.0,206703.0,-1.400958550587239,-1.360228489825066,-0.2658393289936223,-0.5209886076506187
2025-03-24,18458,42091591,27255,41463337,156758.0,25848855.0,82.53,81.3,50.68,91111,45.0,60741,30.0,30370,15.0,10123,5.0,10123,5.0,19263.0,28404.0,157987.0,202471.0,205653.0,-1.4048394850702417,-1.3536501502044995,-0.27799866407964835,-0.5276474489670613
2025-03-25,18199,42109790,26883,41490220,156305.0,26005160.0,82.57,81.35,50.99,90624,45.0,60416,30.0,30208,15.0,10069,5.0,10069,5.0,18994.0,28019.0,157582.0,201387.0,204595.0,-1.4031856105753637,-1.3648871766648307,-0.28898046670664534,-0.5353853144400955
2025-03-26,17944,42127734,26518,41516738,155838.0,26160998.0,82.6,81.41,51.3,90135,45.0,60090,30.0,30045,15.0,10015,5.0,10015,5.0,18728.0,27639.0,157162.0,200300.0,203529.0,-1.4011758887851,-1.357735371796298,-0.2987748312593963,-0.5397567866843422
2025-03-27,17691,42145425,26156,41542894,155355.0,26316353.0,82.64,81.46,51.6,89640,45.0,59760,30.0,29880,15.0,9960,5.0,9960,5.0,18465.0,27264.0,156726.0,199202.0,202455.0,-1.4099420419081632,-1.3651104909872536,-0.30993724252107446,-0.5481777333999016
2025-03-28,17443,42162868,25799,41568693,154857.0,26471210.0,82.67,81.51,51.9,89144,45.0,59429,30.0,29714,15.0,9904,5.0,9904,5.0,18206.0,26893.0,156275.0,198099.0,201374.0,-1.4018427448985404,-1.3648875974919705,-0.3205561456020134,-0.55370930010743
2025-03-29,17197,42180065,25446,41594139,154344.0,26625554.0,82.71,81.56,52.21,88644,45.0,59096,30.0,29548,15.0,9849,5.0,9849,5.0,17950.0,26527.0,155807.0,196987.0,200284.0,-1.4103078598864838,-1.3682700879879106,-0.3312733683333624,-0.5613354938692305
2025-03-30,16955,42197020,25097,41619236,153816.0,26779370.0,82.74,81.61,52.51,88140,45.0,58760,30.0,29380,15.0,9793,5.0,9793,5.0,17698.0,26165.0,155325.0,195868.0,199188.0,-1.4072221899168458,-1.371531871413978,-0.34209298709376723,-0.5680577906156281
2025-03-31,16716,42213736,24754,41643990,153273.0,26932643.0,82.77,81.65,52.81,87634,45.0,58422,30.0,29211,15.0,9737,5.0,9737,5.0,17449.0,25808.0,154827.0,194743.0,198084.0,-1.409613683279265,-1.366697214806556,-0.35301919176158325,-0.5743664100312462
2025-04-01,16479,42230215,24414,41668404,152717.0,27085360.0,82.8,81.7,53.11,87124,45.0,58083,30.0,29041,15.0,9680,5.0,9680,5.0,17204.0,25455.0,154314.0,193610.0,196973.0,-1.4178033022254177,-1.373515391451885,-0.3627514304541557,-0.5817924135912422
2025-04-02,16247,42246462,24078,41692482,152146.0,27237506.0,82.84,81.75,53.41,86611,45.0,57741,30.0,28870,15.0,9623,5.0,9623,5.0,16961.0,25106.0,153787.0,192471.0,195854.0,-1.4078524182292607,-1.3762595232243768,-0.37389419645488253,-0.5882960590878561
2025-04-03,16018,42262480,23747,41716229,151562.0,27389068.0,82.87,81.8,53.7,86097,45.0,57398,30.0,28699,15.0,9566,5.0,9566,5.0,16722.0,24762.0,153245.0,191327.0,194729.0,-1.4094909829507007,-1.374698895257076,-0.38384183613108247,-0.5943752565321536
2025-04-04,15790,42278270,23421,41739650,150963.0,27540031.0,82.9,81.84,54.0,85578,45.0,57052,30.0,28526,15.0,9508,5.0,9508,5.0,16486.0,24422.0,152689.0,190174.0,193597.0,-1.4233986764889517,-1.3728049858929503,-0.3952177986566552,-0.6026331882065805
