date,daily_cases,daily_deaths,daily_tests,positivity_rate,daily_cases_7d_avg,daily_deaths_7d_avg,positivity_rate_7d_avg,first_dose_percentage,second_dose_percentage,booster_percentage,first_dose_case_correlation,second_dose_case_correlation
2024-04-04,1181,17,91573,1.29,,,,12.06,0.0,0.0,-0.5687868876732466,-0.45262960853951234
2024-04-05,2616,15,94055,2.78,,,,12.21,0.0,0.0,-0.5687868876732466,-0.45262960853951234
2024-04-06,1808,22,93850,1.93,,,,12.37,0.0,0.0,-0.5687868876732466,-0.45262960853951234
2024-04-07,2625,26,90459,2.9,,,,12.53,0.0,0.0,-0.5687868876732466,-0.45262960853951234
2024-04-08,3306,24,97538,3.39,,,,12.69,0.0,0.0,-0.5687868876732466,-0.45262960853951234
2024-04-09,1771,27,88469,2.0,,,,12.85,0.0,0.0,-0.5687868876732466,-0.45262960853951234
2024-04-10,2647,27,118941,2.23,2279.0,23.0,2.36,13.02,0.0,0.0,-0.5687868876732466,-0.45262960853951234
2024-04-11,2100,29,95691,2.19,2410.0,24.0,2.49,13.19,0.0,0.0,-0.5687868876732466,-0.45262960853951234
2024-04-12,3189,31,106346,3.0,2492.0,27.0,2.52,13.35,0.0,0.0,-0.5687868876732466,-0.45262960853951234
2024-04-13,1711,17,105206,1.63,2478.0,26.0,2.48,13.52,0.0,0.0,-0.5687868876732466,-0.45262960853951234
2024-04-14,2429,16,100898,2.41,2450.0,24.0,2.41,13.69,0.0,0.0,-0.5687868876732466,-0.45262960853951234
2024-04-15,2868,22,101138,2.84,2388.0,24.0,2.33,13.87,0.0,0.0,-0.5687868876732466,-0.45262960853951234
2024-04-16,3398,45,112516,3.02,2620.0,27.0,2.47,14.04,0.0,0.0,-0.5687868876732466,-0.45262960853951234
2024-04-17,2718,37,92377,2.94,2630.0,28.0,2.58,14.22,0.0,0.0,-0.5687868876732466,-0.45262960853951234
2024-04-18,2959,25,99844,2.96,2753.0,28.0,2.69,14.4,0.0,0.0,-0.5687868876732466,-0.45262960853951234
2024-04-19,2796,35,92829,3.01,2697.0,28.0,2.69,14.58,0.0,0.0,-0.5687868876732466,-0.45262960853951234
2024-04-20,3261,44,108149,3.02,2918.0,32.0,2.89,14.76,0.0,0.0,-0.5687868876732466,-0.45262960853951234
2024-04-21,3897,26,101889,3.82,3128.0,33.0,3.09,14.94,0.0,0.0,-0.5687868876732466,-0.45262960853951234
2024-04-22,4120,52,111795,3.69,3307.0,38.0,3.21,15.13,0.0,0.0,-0.5687868876732466,-0.45262960853951234
2024-04-23,4182,36,99897,4.19,3419.0,36.0,3.38,15.32,0.0,0.0,-0.5687868876732466,-0.45262960853951234
2024-04-24,3102,11,92451,3.36,3474.0,33.0,3.44,15.51,0.0,0.0,-0.5687868876732466,-0.45262960853951234
2024-04-25,3532,26,107719,3.28,3556.0,33.0,3.48,15.7,0.0,0.0,-0.5687868876732466,-0.45262960853951234
2024-04-26,4713,42,95267,4.95,3830.0,34.0,3.76,15.89,0.0,0.0,-0.5687868876732466,-0.45262960853951234
2024-04-27,3092,44,101983,3.03,3805.0,34.0,3.76,16.08,0.0,0.0,-0.5687868876732466,-0.45262960853951234
2024-04-28,2506,44,93563,2.68,3607.0,36.0,3.6,16.28,0.0,0.0,-0.5687868876732466,-0.45262960853951234
2024-04-29,3718,36,100067,3.72,3549.0,34.0,3.6,16.48,0.0,0.0,-0.5687868876732466,-0.45262960853951234
2024-04-30,3189,27,121452,2.63,3407.0,33.0,3.38,16.68,0.0,0.0,-0.5687868876732466,-0.45262960853951234
2024-05-01,3537,37,102389,3.45,3470.0,37.0,3.39,16.88,0.0,0.0,-0.5687868876732466,-0.45262960853951234
2024-05-02,3339,43,83060,4.02,3442.0,39.0,3.5,17.09,12.06,0.0,-0.5687868876732466,-0.45262960853951234
2024-05-03,3489,37,88633,3.94,3267.0,38.0,3.35,17.29,12.21,0.0,-0.5687868876732466,-0.45262960853951234
2024-05-04,4795,29,99152,4.84,3510.0,36.0,3.61,17.5,12.37,0.0,-0.5687868876732466,-0.45262960853951234
2024-05-05,4157,32,104228,3.99,3746.0,34.0,3.8,17.71,12.53,0.0,-0.5687868876732466,-0.45262960853951234
2024-05-06,3051,37,118529,2.57,3651.0,35.0,3.63,17.92,12.69,0.0,-0.5687868876732466,-0.45262960853951234
2024-05-07,3866,40,95070,4.07,3748.0,36.0,3.84,18.13,12.85,0.0,-0.5687868876732466,-0.45262960853951234
2024-05-08,3121,31,112450,2.78,3688.0,36.0,3.74,18.35,13.02,0.0,-0.5687868876732466,-0.45262960853951234
2024-05-09,2878,28,95643,3.01,3622.0,33.0,3.6,18.56,13.19,0.0,-0.5687868876732466,-0.45262960853951234
2024-05-10,2408,32,82077,2.93,3468.0,33.0,3.46,18.78,13.35,0.0,-0.5687868876732466,-0.45262960853951234
2024-05-11,2463,15,121310,2.03,3135.0,31.0,3.05,19.0,13.52,0.0,-0.5687868876732466,-0.45262960853951234
2024-05-12,2170,30,104452,2.08,2851.0,30.0,2.78,19.23,13.69,0.0,-0.5687868876732466,-0.45262960853951234
2024-05-13,2753,27,88041,3.13,2808.0,29.0,2.86,19.45,13.87,0.0,-0.5687868876732466,-0.45262960853951234
2024-05-14,2695,31,101160,2.66,2641.0,28.0,2.66,19.68,14.04,0.0,-0.5687868876732466,-0.45262960853951234
2024-05-15,2903,29,91585,3.17,2610.0,27.0,2.72,19.9,14.22,0.0,-0.5687868876732466,-0.45262960853951234
2024-05-16,2551,19,94881,2.69,2563.0,26.0,2.67,20.13,14.4,0.0,-0.5687868876732466,-0.45262960853951234
2024-05-17,1968,20,78821,2.5,2500.0,24.0,2.61,20.36,14.58,0.0,-0.5687868876732466,-0.45262960853951234
2024-05-18,2685,24,95762,2.8,2532.0,26.0,2.72,20.6,14.76,0.0,-0.5687868876732466,-0.45262960853951234
2024-05-19,2040,14,97791,2.09,2514.0,23.0,2.72,20.83,14.94,0.0,-0.5687868876732466,-0.45262960853951234
2024-05-20,2192,25,103823,2.11,2433.0,23.0,2.57,21.07,15.13,0.0,-0.5687868876732466,-0.45262960853951234
2024-05-21,1838,27,96908,1.9,2311.0,23.0,2.47,21.31,15.32,0.0,-0.5687868876732466,-0.45262960853951234
2024-05-22,2200,16,112699,1.95,2211.0,21.0,2.29,21.55,15.51,0.0,-0.5687868876732466,-0.45262960853951234
2024-05-23,1669,20,112931,1.48,2085.0,21.0,2.12,21.79,15.7,0.0,-0.5687868876732466,-0.45262960853951234
2024-05-24,1585,15,91760,1.73,2030.0,20.0,2.01,22.03,15.89,0.0,-0.5687868876732466,-0.45262960853951234
2024-05-25,1234,10,100477,1.23,1823.0,18.0,1.78,22.28,16.08,0.0,-0.5687868876732466,-0.45262960853951234
2024-05-26,1049,10,93441,1.12,1681.0,18.0,1.65,22.53,16.28,0.0,-0.5687868876732466,-0.45262960853951234
2024-05-27,1157,13,92624,1.25,1533.0,16.0,1.52,22.78,16.48,0.0,-0.5687868876732466,-0.45262960853951234
2024-05-28,1335,13,99353,1.34,1461.0,14.0,1.44,23.03,16.68,0.0,-0.5687868876732466,-0.45262960853951234
2024-05-29,972,6,87933,1.11,1286.0,12.0,1.32,23.28,16.88,0.0,-0.5687868876732466,-0.45262960853951234
2024-05-30,954,11,86872,1.1,1184.0,11.0,1.27,23.53,17.09,0.0,-0.5687868876732466,-0.45262960853951234
2024-05-31,960,8,100971,0.95,1094.0,10.0,1.16,23.79,17.29,0.0,-0.5687868876732466,-0.45262960853951234
2024-06-01,664,4,97014,0.68,1013.0,9.0,1.08,24.05,17.5,0.0,-0.5687868876732466,-0.45262960853951234
2024-06-02,667,6,118416,0.56,958.0,9.0,1.0,24.31,17.71,0.0,-0.5687868876732466,-0.45262960853951234
2024-06-03,724,2,90400,0.8,897.0,7.0,0.93,24.57,17.92,0.0,-0.5687868876732466,-0.45262960853951234
2024-06-04,628,6,94267,0.67,796.0,6.0,0.84,24.83,18.13,0.0,-0.5687868876732466,-0.45262960853951234
2024-06-05,727,5,101617,0.72,761.0,6.0,0.78,25.1,18.35,0.0,-0.5687868876732466,-0.45262960853951234
2024-06-06,974,2,110944,0.88,763.0,5.0,0.75,25.36,18.56,0.0,-0.5687868876732466,-0.45262960853951234
2024-06-07,622,4,100744,0.62,715.0,4.0,0.7,25.63,18.78,0.0,-0.5687868876732466,-0.45262960853951234
2024-06-08,506,6,108665,0.47,693.0,4.0,0.67,25.9,19.0,0.0,-0.5687868876732466,-0.45262960853951234
2024-06-09,535,7,103865,0.52,674.0,5.0,0.67,26.17,19.23,0.0,-0.5687868876732466,-0.45262960853951234
2024-06-10,548,5,92181,0.59,649.0,5.0,0.64,26.44,19.45,0.0,-0.5687868876732466,-0.45262960853951234
2024-06-11,366,2,102896,0.36,611.0,4.0,0.59,26.72,19.68,0.0,-0.5687868876732466,-0.45262960853951234
2024-06-12,326,7,103147,0.32,554.0,5.0,0.54,26.99,19.9,0.0,-0.5687868876732466,-0.45262960853951234
2024-06-13,619,3,94991,0.65,503.0,5.0,0.5,27.27,20.13,0.0,-0.5687868876732466,-0.45262960853951234
2024-06-14,703,6,102610,0.69,515.0,5.0,0.51,27.55,20.36,0.0,-0.5687868876732466,-0.45262960853951234
2024-06-15,523,5,82239,0.64,517.0,5.0,0.54,27.83,20.6,0.0,-0.5687868876732466,-0.45262960853951234
2024-06-16,445,8,100259,0.44,504.0,5.0,0.53,28.11,20.83,0.0,-0.5687868876732466,-0.45262960853951234
2024-06-17,709,5,117968,0.6,527.0,5.0,0.53,28.39,21.07,0.0,-0.5687868876732466,-0.45262960853951234
2024-06-18,549,7,103427,0.53,553.0,6.0,0.55,28.68,21.31,0.0,-0.5687868876732466,-0.45262960853951234
2024-06-19,775,6,108580,0.71,618.0,6.0,0.61,28.96,21.55,0.0,-0.5687868876732466,-0.45262960853951234
2024-06-20,1058,7,105084,1.01,680.0,6.0,0.66,29.25,21.79,0.0,-0.5687868876732466,-0.45262960853951234
2024-06-21,1061,9,114239,0.93,731.0,7.0,0.69,29.54,22.03,0.0,-0.5687868876732466,-0.45262960853951234
2024-06-22,968,10,106925,0.91,795.0,7.0,0.73,29.83,22.28,0.0,-0.5687868876732466,-0.45262960853951234
2024-06-23,949,11,97339,0.97,867.0,8.0,0.81,30.12,22.53,0.0,-0.5687868876732466,-0.45262960853951234
2024-06-24,1046,11,115266,0.91,915.0,9.0,0.85,30.41,22.78,0.0,-0.5687868876732466,-0.45262960853951234
2024-06-25,789,7,91829,0.86,949.0,9.0,0.9,30.71,23.03,0.0,-0.5687868876732466,-0.45262960853951234
2024-06-26,1326,7,110181,1.2,1028.0,9.0,0.97,31.0,23.28,0.0,-0.5687868876732466,-0.45262960853951234
2024-06-27,1291,11,98035,1.32,1061.0,9.0,1.01,31.3,23.53,0.0,-0.5687868876732466,-0.45262960853951234
2024-06-28,1470,12,84673,1.74,1120.0,10.0,1.13,31.59,23.79,0.0,-0.5687868876732466,-0.45262960853951234
2024-06-29,1270,14,104698,1.21,1163.0,10.0,1.17,31.89,24.05,0.0,-0.5687868876732466,-0.45262960853951234
2024-06-30,1419,8,100987,1.41,1230.0,10.0,1.24,32.19,24.31,0.0,-0.5687868876732466,-0.45262960853951234
2024-07-01,1555,18,107910,1.44,1303.0,11.0,1.31,32.49,24.57,0.0,-0.5687868876732466,-0.45262960853951234
2024-07-02,1458,14,109174,1.34,1398.0,12.0,1.38,32.79,24.83,0.0,-0.5687868876732466,-0.45262960853951234
2024-07-03,2136,26,105107,2.03,1514.0,15.0,1.5,33.1,25.1,0.0,-0.5687868876732466,-0.45262960853951234
2024-07-04,2116,12,94795,2.23,1632.0,15.0,1.63,33.4,25.36,0.0,-0.5687868876732466,-0.45262960853951234
2024-07-05,2445,26,93645,2.61,1771.0,17.0,1.75,33.7,25.63,0.0,-0.5687868876732466,-0.45262960853951234
2024-07-06,1485,40,93490,1.59,1802.0,21.0,1.81,34.01,25.9,0.0,-0.5687868876732466,-0.45262960853951234
2024-07-07,2731,10,109684,2.49,1989.0,21.0,1.96,34.32,26.17,0.0,-0.5687868876732466,-0.45262960853951234
2024-07-08,2862,36,97500,2.94,2176.0,23.0,2.18,34.62,26.44,0.0,-0.5687868876732466,-0.45262960853951234
2024-07-09,1749,18,90939,1.92,2218.0,24.0,2.26,34.93,26.72,0.0,-0.5687868876732466,-0.45262960853951234
2024-07-10,2735,14,98814,2.77,2303.0,22.0,2.36,35.24,26.99,0.0,-0.5687868876732466,-0.45262960853951234
2024-07-11,2938,35,96505,3.04,2421.0,26.0,2.48,35.55,27.27,0.0,-0.5687868876732466,-0.45262960853951234
2024-07-12,2370,18,88730,2.67,2410.0,24.0,2.49,35.86,27.55,0.0,-0.5687868876732466,-0.45262960853951234
2024-07-13,3079,38,93464,3.29,2638.0,24.0,2.73,36.17,27.83,0.0,-0.5687868876732466,-0.45262960853951234
2024-07-14,3908,42,108316,3.61,2806.0,29.0,2.89,36.48,28.11,0.0,-0.5687868876732466,-0.45262960853951234
2024-07-15,3268,44,90909,3.59,2864.0,30.0,2.98,36.8,28.39,0.0,-0.5687868876732466,-0.45262960853951234
2024-07-16,3550,33,105790,3.36,3121.0,32.0,3.19,37.11,28.68,0.0,-0.5687868876732466,-0.45262960853951234
2024-07-17,3443,31,84700,4.06,3222.0,34.0,3.37,37.42,28.96,0.0,-0.5687868876732466,-0.45262960853951234
2024-07-18,4559,16,110225,4.14,3454.0,32.0,3.53,37.74,29.25,0.0,-0.5687868876732466,-0.45262960853951234
2024-07-19,2996,40,105005,2.85,3543.0,35.0,3.56,38.05,29.54,0.0,-0.5687868876732466,-0.45262960853951234
2024-07-20,3633,36,106321,3.42,3622.0,35.0,3.58,38.37,29.83,0.0,-0.5687868876732466,-0.45262960853951234
2024-07-21,3841,32,102378,3.75,3613.0,33.0,3.6,38.69,30.12,0.0,-0.5687868876732466,-0.45262960853951234
2024-07-22,3212,46,92138,3.49,3605.0,33.0,3.58,39.0,30.41,0.0,-0.5687868876732466,-0.45262960853951234
2024-07-23,2912,25,86943,3.35,3514.0,32.0,3.58,39.32,30.71,0.0,-0.5687868876732466,-0.45262960853951234
2024-07-24,4289,24,85516,5.02,3635.0,31.0,3.72,39.64,31.0,0.0,-0.5687868876732466,-0.45262960853951234
2024-07-25,2362,25,96555,2.45,3321.0,33.0,3.48,39.95,31.3,0.0,-0.5687868876732466,-0.45262960853951234
2024-07-26,4090,33,112736,3.63,3477.0,32.0,3.59,40.27,31.59,0.0,-0.5687868876732466,-0.45262960853951234
2024-07-27,2615,27,105912,2.47,3332.0,30.0,3.45,40.59,31.89,0.0,-0.5687868876732466,-0.45262960853951234
2024-07-28,3235,18,94608,3.42,3245.0,28.0,3.4,40.91,32.19,0.0,-0.5687868876732466,-0.45262960853951234
2024-07-29,3620,28,117726,3.07,3303.0,26.0,3.34,41.23,32.49,0.0,-0.5687868876732466,-0.45262960853951234
2024-07-30,4200,21,103253,4.07,3487.0,25.0,3.45,41.54,32.79,0.0,-0.5687868876732466,-0.45262960853951234
2024-07-31,3330,34,121868,2.73,3350.0,27.0,3.12,41.86,33.1,0.0,-0.5687868876732466,-0.45262960853951234
2024-08-01,3478,60,100233,3.47,3510.0,32.0,3.27,42.18,33.4,0.0,-0.5687868876732466,-0.45262960853951234
2024-08-02,1553,42,100469,1.55,3147.0,33.0,2.97,42.5,33.7,0.0,-0.5687868876732466,-0.45262960853951234
2024-08-03,3047,21,119823,2.54,3209.0,32.0,2.98,42.82,34.01,0.0,-0.5687868876732466,-0.45262960853951234
2024-08-04,2592,36,105337,2.46,3117.0,35.0,2.84,43.14,34.32,0.0,-0.5687868876732466,-0.45262960853951234
2024-08-05,3545,36,107129,3.31,3106.0,36.0,2.88,43.46,34.62,0.0,-0.5687868876732466,-0.45262960853951234
2024-08-06,2688,26,100636,2.67,2890.0,36.0,2.68,43.77,34.93,0.0,-0.5687868876732466,-0.45262960853951234
2024-08-07,2451,23,106944,2.29,2765.0,35.0,2.61,44.09,35.24,0.0,-0.5687868876732466,-0.45262960853951234
2024-08-08,2640,33,93057,2.84,2645.0,31.0,2.52,44.41,35.55,0.0,-0.5687868876732466,-0.45262960853951234
2024-08-09,2544,30,95238,2.67,2787.0,29.0,2.68,44.73,35.86,0.0,-0.5687868876732466,-0.45262960853951234
2024-08-10,2540,8,99268,2.56,2714.0,27.0,2.69,45.05,36.17,0.0,-0.5687868876732466,-0.45262960853951234
2024-08-11,2858,26,79477,3.6,2752.0,26.0,2.85,45.36,36.48,0.0,-0.5687868876732466,-0.45262960853951234
2024-08-12,2625,14,97200,2.7,2621.0,23.0,2.76,45.68,36.8,0.0,-0.5687868876732466,-0.45262960853951234
2024-08-13,2203,22,117406,1.88,2552.0,22.0,2.65,46.0,37.11,0.0,-0.5687868876732466,-0.45262960853951234
2024-08-14,3077,33,113696,2.71,2641.0,24.0,2.71,46.31,37.42,0.0,-0.5687868876732466,-0.45262960853951234
2024-08-15,2132,28,106869,1.99,2568.0,23.0,2.59,46.63,37.74,0.0,-0.5687868876732466,-0.45262960853951234
2024-08-16,1885,17,96575,1.95,2474.0,21.0,2.48,46.95,38.05,0.0,-0.5687868876732466,-0.45262960853951234
2024-08-17,2003,23,102146,1.96,2398.0,23.0,2.4,47.26,38.37,0.0,-0.5687868876732466,-0.45262960853951234
2024-08-18,1594,14,107510,1.48,2217.0,22.0,2.1,47.58,38.69,0.0,-0.5687868876732466,-0.45262960853951234
2024-08-19,1582,16,111943,1.41,2068.0,22.0,1.91,47.89,39.0,0.0,-0.5687868876732466,-0.45262960853951234
2024-08-20,1471,16,103077,1.43,1963.0,21.0,1.85,48.2,39.32,0.0,-0.5687868876732466,-0.45262960853951234
2024-08-21,1109,20,106072,1.05,1682.0,19.0,1.61,48.52,39.64,0.0,-0.5687868876732466,-0.45262960853951234
2024-08-22,743,11,100840,0.74,1484.0,17.0,1.43,48.83,39.95,0.0,-0.5687868876732466,-0.45262960853951234
2024-08-23,972,8,100505,0.97,1353.0,15.0,1.29,49.14,40.27,0.0,-0.5687868876732466,-0.45262960853951234
2024-08-24,1364,19,93594,1.46,1262.0,15.0,1.22,49.45,40.59,0.0,-0.5687868876732466,-0.45262960853951234
2024-08-25,1068,14,89469,1.19,1187.0,15.0,1.18,49.76,40.91,0.0,-0.5687868876732466,-0.45262960853951234
2024-08-26,1039,2,66613,1.56,1109.0,13.0,1.2,50.07,41.23,0.0,-0.5687868876732466,-0.45262960853951234
2024-08-27,849,11,102513,0.83,1021.0,12.0,1.11,50.38,41.54,0.0,-0.5687868876732466,-0.45262960853951234
2024-08-28,1169,3,111787,1.05,1029.0,10.0,1.11,50.68,41.86,0.0,-0.5687868876732466,-0.45262960853951234
2024-08-29,838,5,107314,0.78,1043.0,9.0,1.12,50.99,42.18,0.0,-0.5687868876732466,-0.45262960853951234
2024-08-30,943,5,116535,0.81,1039.0,8.0,1.1,51.3,42.5,0.0,-0.5687868876732466,-0.45262960853951234
2024-08-31,1086,5,104679,1.04,999.0,6.0,1.04,51.6,42.82,0.0,-0.5687868876732466,-0.45262960853951234
2024-09-01,735,5,97969,0.75,951.0,5.0,0.97,51.9,43.14,0.0,-0.5687868876732466,-0.45262960853951234
2024-09-02,648,7,105263,0.62,895.0,6.0,0.84,52.21,43.46,0.0,-0.5687868876732466,-0.45262960853951234
2024-09-03,575,5,97203,0.59,856.0,5.0,0.81,52.51,43.77,0.0,-0.5687868876732466,-0.45262960853951234
2024-09-04,527,3,81932,0.64,765.0,5.0,0.75,52.81,44.09,0.0,-0.5687868876732466,-0.45262960853951234
2024-09-05,436,7,108986,0.4,707.0,5.0,0.69,53.11,44.41,0.0,-0.5687868876732466,-0.45262960853951234
2024-09-06,450,3,102153,0.44,637.0,5.0,0.64,53.41,44.73,0.0,-0.5687868876732466,-0.45262960853951234
2024-09-07,596,5,98083,0.61,567.0,5.0,0.58,53.7,45.05,0.0,-0.5687868876732466,-0.45262960853951234
2024-09-08,479,4,83262,0.58,530.0,5.0,0.55,54.0,45.36,0.0,-0.5687868876732466,-0.45262960853951234
2024-09-09,533,2,98400,0.54,514.0,4.0,0.54,54.29,45.68,0.0,-0.5687868876732466,-0.45262960853951234
2024-09-10,508,2,93155,0.55,504.0,4.0,0.54,54.59,46.0,0.0,-0.5687868876732466,-0.45262960853951234
2024-09-11,588,5,111653,0.53,513.0,4.0,0.52,54.88,46.31,0.0,-0.5687868876732466,-0.45262960853951234
2024-09-12,576,3,96892,0.59,533.0,3.0,0.55,55.17,46.63,0.0,-0.5687868876732466,-0.45262960853951234
2024-09-13,596,3,99966,0.6,554.0,3.0,0.57,55.46,46.95,0.0,-0.5687868876732466,-0.45262960853951234
2024-09-14,503,4,97394,0.52,540.0,3.0,0.56,55.75,47.26,0.0,-0.5687868876732466,-0.45262960853951234
2024-09-15,494,7,86672,0.57,543.0,4.0,0.56,56.04,47.58,0.0,-0.5687868876732466,-0.45262960853951234
2024-09-16,739,5,91326,0.81,572.0,4.0,0.6,56.32,47.89,0.0,-0.5687868876732466,-0.45262960853951234
2024-09-17,576,6,91183,0.63,582.0,5.0,0.61,56.61,48.2,0.0,-0.5687868876732466,-0.45262960853951234
2024-09-18,990,9,96457,1.03,639.0,5.0,0.68,56.89,48.52,0.0,-0.5687868876732466,-0.45262960853951234
2024-09-19,884,7,85711,1.03,683.0,6.0,0.74,57.17,48.83,0.0,-0.5687868876732466,-0.45262960853951234
2024-09-20,648,11,108514,0.6,691.0,7.0,0.74,57.45,49.14,0.0,-0.5687868876732466,-0.45262960853951234
2024-09-21,1092,8,113696,0.96,775.0,8.0,0.8,57.73,49.45,0.0,-0.5687868876732466,-0.45262960853951234
2024-09-22,717,10,99823,0.72,807.0,8.0,0.83,58.01,49.76,0.0,-0.5687868876732466,-0.45262960853951234
2024-09-23,1198,9,99351,1.21,872.0,9.0,0.88,58.28,50.07,0.0,-0.5687868876732466,-0.45262960853951234
2024-09-24,1169,10,92244,1.27,957.0,9.0,0.97,58.56,50.38,0.0,-0.5687868876732466,-0.45262960853951234
2024-09-25,1252,5,88090,1.42,994.0,9.0,1.03,58.83,50.68,0.0,-0.5687868876732466,-0.45262960853951234
2024-09-26,1342,10,110644,1.21,1060.0,9.0,1.06,59.1,50.99,0.0,-0.5687868876732466,-0.45262960853951234
2024-09-27,1338,8,110718,1.21,1158.0,9.0,1.14,59.37,51.3,0.0,-0.5687868876732466,-0.45262960853951234
2024-09-28,1448,13,87366,1.66,1209.0,9.0,1.24,59.64,51.6,0.0,-0.5687868876732466,-0.45262960853951234
2024-09-29,1132,15,98271,1.15,1268.0,10.0,1.3,59.9,51.9,0.0,-0.5687868876732466,-0.45262960853951234
2024-09-30,1338,15,96241,1.39,1288.0,11.0,1.33,60.17,52.21,0.0,-0.5687868876732466,-0.45262960853951234
2024-10-01,1367,10,104332,1.31,1317.0,11.0,1.34,60.43,52.51,0.0,-0.5687868876732466,-0.45262960853951234
2024-10-02,1176,15,124358,0.95,1306.0,12.0,1.27,60.69,52.81,0.0,-0.5687868876732466,-0.45262960853951234
2024-10-03,1479,21,107753,1.37,1325.0,14.0,1.29,60.95,53.11,0.0,-0.5687868876732466,-0.45262960853951234
2024-10-04,1630,13,93651,1.74,1367.0,15.0,1.37,61.21,53.41,0.0,-0.5687868876732466,-0.45262960853951234
2024-10-05,1794,12,122266,1.47,1417.0,14.0,1.34,61.47,53.7,0.0,-0.5687868876732466,-0.45262960853951234
2024-10-06,2165,23,96895,2.23,1564.0,16.0,1.49,61.72,54.0,0.0,-0.5687868876732466,-0.45262960853951234
2024-10-07,1554,15,100934,1.54,1595.0,16.0,1.52,61.97,54.29,0.0,-0.5687868876732466,-0.45262960853951234
2024-10-08,2429,24,94986,2.56,1747.0,18.0,1.69,62.22,54.59,0.0,-0.5687868876732466,-0.45262960853951234
2024-10-09,2487,12,103320,2.41,1934.0,17.0,1.9,62.47,54.88,0.0,-0.5687868876732466,-0.45262960853951234
2024-10-10,1760,25,86077,2.04,1974.0,18.0,2.0,62.72,55.17,0.0,-0.5687868876732466,-0.45262960853951234
2024-10-11,2650,23,97581,2.72,2120.0,19.0,2.14,62.97,55.46,0.0,-0.5687868876732466,-0.45262960853951234
2024-10-12,2123,22,94856,2.24,2167.0,21.0,2.25,63.21,55.75,0.0,-0.5687868876732466,-0.45262960853951234
2024-10-13,2169,17,122095,1.78,2167.0,20.0,2.18,63.45,56.04,0.0,-0.5687868876732466,-0.45262960853951234
2024-10-14,1743,19,110146,1.58,2194.0,20.0,2.19,63.69,56.32,0.0,-0.5687868876732466,-0.45262960853951234
2024-10-15,2269,22,80519,2.82,2172.0,20.0,2.23,63.93,56.61,0.0,-0.5687868876732466,-0.45262960853951234
2024-10-16,2252,21,89837,2.51,2138.0,21.0,2.24,64.17,56.89,0.0,-0.5687868876732466,-0.45262960853951234
2024-10-17,2539,22,96538,2.63,2249.0,21.0,2.33,64.4,57.17,0.0,-0.5687868876732466,-0.45262960853951234
2024-10-18,2372,22,101727,2.33,2210.0,21.0,2.27,64.64,57.45,0.0,-0.5687868876732466,-0.45262960853951234
2024-10-19,2439,26,83900,2.91,2255.0,21.0,2.37,64.87,57.73,0.0,-0.5687868876732466,-0.45262960853951234
2024-10-20,2471,31,97382,2.54,2298.0,23.0,2.47,65.1,58.01,0.0,-0.5687868876732466,-0.45262960853951234
2024-10-21,1974,20,94718,2.08,2331.0,23.0,2.55,65.32,58.28,0.0,-0.5687868876732466,-0.45262960853951234
2024-10-22,2110,22,87809,2.4,2308.0,23.0,2.49,65.55,58.56,0.0,-0.5687868876732466,-0.45262960853951234
2024-10-23,2375,19,124188,1.91,2326.0,23.0,2.4,65.77,58.83,0.0,-0.5687868876732466,-0.45262960853951234
2024-10-24,1052,23,99647,1.06,2113.0,23.0,2.18,66.0,59.1,0.0,-0.5687868876732466,-0.45262960853951234
2024-10-25,3255,30,100924,3.23,2239.0,24.0,2.3,66.22,59.37,0.0,-0.5687868876732466,-0.45262960853951234
2024-10-26,2265,29,81271,2.79,2215.0,25.0,2.29,66.44,59.64,0.0,-0.5687868876732466,-0.45262960853951234
2024-10-27,1891,21,114711,1.65,2132.0,23.0,2.16,66.65,59.9,0.0,-0.5687868876732466,-0.45262960853951234
2024-10-28,3548,22,107487,3.3,2357.0,24.0,2.33,66.87,60.17,0.0,-0.5687868876732466,-0.45262960853951234
2024-10-29,2194,3,95470,2.3,2369.0,21.0,2.32,67.08,60.43,8.44,-0.5687868876732466,-0.45262960853951234
2024-10-30,2171,28,105199,2.06,2339.0,22.0,2.34,67.29,60.69,12.21,-0.5687868876732466,-0.45262960853951234
2024-10-31,2877,19,93779,3.07,2600.0,22.0,2.63,67.5,60.95,12.37,-0.5687868876732466,-0.45262960853951234
2024-11-01,1995,36,114857,1.74,2420.0,23.0,2.42,67.71,61.21,12.53,-0.5687868876732466,-0.45262960853951234
2024-11-02,2022,13,95455,2.12,2385.0,20.0,2.32,67.91,61.47,12.69,-0.5687868876732466,-0.45262960853951234
2024-11-03,1605,18,92853,1.73,2345.0,20.0,2.33,68.12,61.72,12.85,-0.5687868876732466,-0.45262960853951234
2024-11-04,1463,24,113475,1.29,2047.0,20.0,2.04,68.32,61.97,13.02,-0.5687868876732466,-0.45262960853951234
2024-11-05,1242,10,114145,1.09,1911.0,21.0,1.87,68.52,62.22,13.19,-0.5687868876732466,-0.45262960853951234
2024-11-06,1947,23,72650,2.68,1879.0,20.0,1.96,68.72,62.47,13.35,-0.5687868876732466,-0.45262960853951234
2024-11-07,1522,8,85657,1.78,1685.0,19.0,1.78,68.92,62.72,13.52,-0.5687868876732466,-0.45262960853951234
2024-11-08,1868,24,95381,1.96,1667.0,17.0,1.81,69.11,62.97,13.69,-0.5687868876732466,-0.45262960853951234
2024-11-09,965,15,110906,0.87,1516.0,17.0,1.63,69.3,63.21,13.87,-0.5687868876732466,-0.45262960853951234
2024-11-10,906,14,104542,0.87,1416.0,17.0,1.51,69.49,63.45,14.04,-0.5687868876732466,-0.45262960853951234
2024-11-11,1928,15,104162,1.85,1483.0,16.0,1.59,69.68,63.69,14.22,-0.5687868876732466,-0.45262960853951234
2024-11-12,1231,12,94627,1.3,1481.0,16.0,1.62,69.87,63.93,14.4,-0.5687868876732466,-0.45262960853951234
2024-11-13,1520,19,103931,1.46,1420.0,15.0,1.44,70.06,64.17,14.58,-0.5687868876732466,-0.45262960853951234
2024-11-14,1041,6,95654,1.09,1351.0,15.0,1.34,70.24,64.4,14.76,-0.5687868876732466,-0.45262960853951234
2024-11-15,1311,11,110461,1.19,1272.0,13.0,1.23,70.42,64.64,14.94,-0.5687868876732466,-0.45262960853951234
2024-11-16,1503,15,104160,1.44,1349.0,13.0,1.31,70.6,64.87,15.13,-0.5687868876732466,-0.45262960853951234
2024-11-17,1437,10,99205,1.45,1424.0,13.0,1.4,70.78,65.1,15.32,-0.5687868876732466,-0.45262960853951234
2024-11-18,871,10,92870,0.94,1273.0,12.0,1.27,70.96,65.32,15.51,-0.5687868876732466,-0.45262960853951234
2024-11-19,1061,12,111073,0.96,1249.0,12.0,1.22,71.13,65.55,15.7,-0.5687868876732466,-0.45262960853951234
2024-11-20,1027,10,115072,0.89,1179.0,11.0,1.14,71.31,65.77,15.89,-0.5687868876732466,-0.45262960853951234
2024-11-21,841,8,103136,0.82,1150.0,11.0,1.1,71.48,66.0,16.08,-0.5687868876732466,-0.45262960853951234
2024-11-22,808,12,103952,0.78,1078.0,11.0,1.04,71.65,66.22,16.28,-0.5687868876732466,-0.45262960853951234
2024-11-23,734,9,96200,0.76,968.0,10.0,0.94,71.81,66.44,16.48,-0.5687868876732466,-0.45262960853951234
2024-11-24,613,7,103249,0.59,851.0,10.0,0.82,71.98,66.65,16.68,-0.5687868876732466,-0.45262960853951234
2024-11-25,717,4,110561,0.65,829.0,9.0,0.78,72.15,66.87,16.88,-0.5687868876732466,-0.45262960853951234
2024-11-26,463,9,111014,0.42,743.0,8.0,0.7,72.31,67.08,17.09,-0.5687868876732466,-0.45262960853951234
2024-11-27,416,4,104616,0.4,656.0,8.0,0.63,72.47,67.29,17.29,-0.5687868876732466,-0.45262960853951234
2024-11-28,316,5,117614,0.27,581.0,7.0,0.55,72.63,67.5,17.5,-0.5687868876732466,-0.45262960853951234
2024-11-29,476,5,91279,0.52,534.0,6.0,0.52,72.79,67.71,17.71,-0.5687868876732466,-0.45262960853951234
2024-11-30,521,4,92572,0.56,503.0,5.0,0.49,72.94,67.91,17.92,-0.5687868876732466,-0.45262960853951234
2024-12-01,344,4,86614,0.4,465.0,5.0,0.46,73.1,68.12,18.13,-0.5687868876732466,-0.45262960853951234
2024-12-02,478,3,107658,0.44,431.0,5.0,0.43,73.25,68.32,18.35,-0.5687868876732466,-0.45262960853951234
2024-12-03,210,3,106879,0.2,394.0,4.0,0.4,73.4,68.52,18.56,-0.5687868876732466,-0.45262960853951234
2024-12-04,219,2,100899,0.22,366.0,4.0,0.37,73.55,68.72,18.78,-0.5687868876732466,-0.45262960853951234
2024-12-05,400,4,86403,0.46,378.0,4.0,0.4,73.7,68.92,19.0,-0.5687868876732466,-0.45262960853951234
2024-12-06,345,3,105867,0.33,360.0,3.0,0.37,73.84,69.11,19.23,-0.5687868876732466,-0.45262960853951234
2024-12-07,354,1,89007,0.4,336.0,3.0,0.35,73.99,69.3,19.45,-0.5687868876732466,-0.45262960853951234
2024-12-08,327,2,100636,0.32,333.0,3.0,0.34,74.13,69.49,19.68,-0.5687868876732466,-0.45262960853951234
2024-12-09,306,1,91637,0.33,309.0,2.0,0.32,74.27,69.68,19.9,-0.5687868876732466,-0.45262960853951234
2024-12-10,246,3,122301,0.2,314.0,2.0,0.32,74.41,69.87,20.13,-0.5687868876732466,-0.45262960853951234
2024-12-11,310,2,106945,0.29,327.0,2.0,0.33,74.55,70.06,20.36,-0.5687868876732466,-0.45262960853951234
2024-12-12,384,4,118162,0.32,325.0,2.0,0.31,74.69,70.24,20.6,-0.5687868876732466,-0.45262960853951234
2024-12-13,347,2,101719,0.34,325.0,2.0,0.31,74.82,70.42,20.83,-0.5687868876732466,-0.45262960853951234
2024-12-14,441,4,113935,0.39,337.0,3.0,0.31,74.96,70.6,21.07,-0.5687868876732466,-0.45262960853951234
2024-12-15,466,3,103112,0.45,357.0,3.0,0.33,75.09,70.78,21.31,-0.5687868876732466,-0.45262960853951234
2024-12-16,405,4,104823,0.39,371.0,3.0,0.34,75.22,70.96,21.55,-0.5687868876732466,-0.45262960853951234
2024-12-17,568,6,113604,0.5,417.0,4.0,0.38,75.35,71.13,21.79,-0.5687868876732466,-0.45262960853951234
2024-12-18,568,3,93446,0.61,454.0,4.0,0.43,75.48,71.31,22.03,-0.5687868876732466,-0.45262960853951234
2024-12-19,422,4,114412,0.37,460.0,4.0,0.44,75.6,71.48,22.28,-0.5687868876732466,-0.45262960853951234
2024-12-20,550,5,95551,0.58,489.0,4.0,0.47,75.73,71.65,22.53,-0.5687868876732466,-0.45262960853951234
2024-12-21,783,2,98312,0.8,537.0,4.0,0.53,75.85,71.81,22.78,-0.5687868876732466,-0.45262960853951234
2024-12-22,506,7,105539,0.48,543.0,4.0,0.53,75.97,71.98,23.03,-0.5687868876732466,-0.45262960853951234
2024-12-23,685,8,80878,0.85,583.0,5.0,0.6,76.09,72.15,23.28,-0.5687868876732466,-0.45262960853951234
2024-12-24,636,7,116088,0.55,593.0,5.0,0.61,76.21,72.31,23.53,-0.5687868876732466,-0.45262960853951234
2024-12-25,690,5,84142,0.82,610.0,5.0,0.64,76.33,72.47,23.79,-0.5687868876732466,-0.45262960853951234
2024-12-26,960,4,106612,0.9,687.0,5.0,0.71,76.44,72.63,24.05,-0.5687868876732466,-0.45262960853951234
2024-12-27,888,11,97474,0.91,735.0,6.0,0.76,76.56,72.79,24.31,-0.5687868876732466,-0.45262960853951234
2024-12-28,623,12,103211,0.6,713.0,8.0,0.73,76.67,72.94,24.57,-0.5687868876732466,-0.45262960853951234
2024-12-29,1121,3,98716,1.14,800.0,7.0,0.82,76.78,73.1,24.83,-0.5687868876732466,-0.45262960853951234
2024-12-30,703,6,100870,0.7,803.0,7.0,0.8,76.9,73.25,25.1,-0.5687868876732466,-0.45262960853951234
2024-12-31,995,9,95928,1.04,854.0,7.0,0.87,77.0,73.4,25.36,-0.5687868876732466,-0.45262960853951234
2025-01-01,1361,8,112251,1.21,950.0,8.0,0.93,77.11,73.55,25.63,-0.5687868876732466,-0.45262960853951234
2025-01-02,1355,12,89402,1.52,1007.0,9.0,1.02,77.22,73.7,25.9,-0.5687868876732466,-0.45262960853951234
2025-01-03,1438,11,100611,1.43,1085.0,9.0,1.09,77.32,73.84,26.17,-0.5687868876732466,-0.45262960853951234
2025-01-04,1317,9,106537,1.24,1184.0,8.0,1.18,77.43,73.99,26.44,-0.5687868876732466,-0.45262960853951234
2025-01-05,1132,9,96047,1.18,1186.0,9.0,1.19,77.53,74.13,26.72,-0.5687868876732466,-0.45262960853951234
2025-01-06,1273,11,101957,1.25,1267.0,10.0,1.27,77.63,74.27,26.99,-0.5687868876732466,-0.45262960853951234
2025-01-07,1248,10,108518,1.15,1303.0,10.0,1.28,77.73,74.41,27.27,-0.5687868876732466,-0.45262960853951234
2025-01-08,1257,9,103377,1.22,1289.0,10.0,1.28,77.83,74.55,27.55,-0.5687868876732466,-0.45262960853951234
2025-01-09,1155,11,106008,1.09,1260.0,10.0,1.22,77.93,74.69,27.83,-0.5687868876732466,-0.45262960853951234
2025-01-10,1084,10,97976,1.11,1209.0,10.0,1.18,78.03,74.82,28.11,-0.5687868876732466,-0.45262960853951234
2025-01-11,1635,13,94208,1.74,1255.0,10.0,1.25,78.12,74.96,28.39,-0.5687868876732466,-0.45262960853951234
2025-01-12,1170,12,114550,1.02,1260.0,11.0,1.23,78.22,75.09,28.68,-0.5687868876732466,-0.45262960853951234
2025-01-13,2024,6,86600,2.34,1368.0,10.0,1.38,78.31,75.22,28.96,-0.5687868876732466,-0.45262960853951234
2025-01-14,1725,11,99774,1.73,1436.0,10.0,1.46,78.4,75.35,29.25,-0.5687868876732466,-0.45262960853951234
2025-01-15,1818,14,102921,1.77,1516.0,11.0,1.54,78.49,75.48,29.54,-0.5687868876732466,-0.45262960853951234
2025-01-16,1124,20,111361,1.01,1511.0,12.0,1.53,78.58,75.6,29.83,-0.5687868876732466,-0.45262960853951234
2025-01-17,1733,9,95282,1.82,1604.0,12.0,1.63,78.67,75.73,30.12,-0.5687868876732466,-0.45262960853951234
2025-01-18,1675,10,95811,1.75,1610.0,12.0,1.63,78.76,75.85,30.41,-0.5687868876732466,-0.45262960853951234
2025-01-19,1533,16,93554,1.64,1662.0,12.0,1.72,78.84,75.97,30.71,-0.5687868876732466,-0.45262960853951234
2025-01-20,1815,15,106476,1.7,1632.0,14.0,1.63,78.93,76.09,31.0,-0.5687868876732466,-0.45262960853951234
2025-01-21,1103,12,85240,1.29,1543.0,14.0,1.57,79.01,76.21,31.3,-0.5687868876732466,-0.45262960853951234
2025-01-22,1700,15,111293,1.53,1526.0,14.0,1.53,79.1,76.33,31.59,-0.5687868876732466,-0.45262960853951234
2025-01-23,1317,19,91092,1.45,1554.0,14.0,1.6,79.18,76.44,31.89,-0.5687868876732466,-0.45262960853951234
2025-01-24,1649,8,112033,1.47,1542.0,14.0,1.55,79.26,76.56,32.19,-0.5687868876732466,-0.45262960853951234
2025-01-25,1285,12,104960,1.22,1486.0,14.0,1.47,79.34,76.67,32.49,-0.5687868876732466,-0.45262960853951234
2025-01-26,1029,8,93213,1.1,1414.0,13.0,1.39,79.42,76.78,32.79,-0.5687868876732466,-0.45262960853951234
2025-01-27,2053,19,99415,2.07,1448.0,13.0,1.45,79.49,76.9,33.1,-0.5687868876732466,-0.45262960853951234
2025-01-28,1794,10,101513,1.77,1547.0,13.0,1.52,79.57,77.0,33.4,-0.5687868876732466,-0.45262960853951234
2025-01-29,1181,11,105460,1.12,1473.0,12.0,1.46,79.65,77.11,33.7,-0.5687868876732466,-0.45262960853951234
2025-01-30,1640,5,114587,1.43,1519.0,10.0,1.45,79.72,77.22,34.01,-0.5687868876732466,-0.45262960853951234
2025-01-31,1275,10,77179,1.65,1465.0,11.0,1.48,79.8,77.32,34.32,-0.5687868876732466,-0.45262960853951234
2025-02-01,1001,11,89874,1.11,1425.0,11.0,1.46,79.87,77.43,34.62,-0.5687868876732466,-0.45262960853951234
2025-02-02,1376,11,83618,1.65,1474.0,11.0,1.54,79.94,77.53,34.93,-0.5687868876732466,-0.45262960853951234
2025-02-03,1317,11,97854,1.35,1369.0,10.0,1.44,80.01,77.63,35.24,-0.5687868876732466,-0.45262960853951234
2025-02-04,1330,10,92724,1.43,1303.0,10.0,1.39,80.08,77.73,35.55,-0.5687868876732466,-0.45262960853951234
2025-02-05,954,9,95607,1.0,1270.0,10.0,1.37,80.15,77.83,35.86,-0.5687868876732466,-0.45262960853951234
2025-02-06,1052,11,112337,0.94,1186.0,10.0,1.3,80.22,77.93,36.17,-0.5687868876732466,-0.45262960853951234
2025-02-07,1118,8,96939,1.15,1164.0,10.0,1.23,80.29,78.03,36.48,-0.5687868876732466,-0.45262960853951234
2025-02-08,902,6,88791,1.02,1150.0,9.0,1.22,80.35,78.12,36.8,-0.5687868876732466,-0.45262960853951234
2025-02-09,851,13,109676,0.78,1075.0,10.0,1.1,80.42,78.22,37.11,-0.5687868876732466,-0.45262960853951234
2025-02-10,549,6,114892,0.48,965.0,9.0,0.97,80.48,78.31,37.42,-0.5687868876732466,-0.45262960853951234
2025-02-11,933,8,100821,0.93,908.0,9.0,0.9,80.55,78.4,37.74,-0.5687868876732466,-0.45262960853951234
2025-02-12,707,3,115028,0.61,873.0,8.0,0.84,80.61,78.49,38.05,-0.5687868876732466,-0.45262960853951234
2025-02-13,681,3,115084,0.59,820.0,7.0,0.79,80.67,78.58,38.37,-0.5687868876732466,-0.45262960853951234
2025-02-14,615,6,117549,0.52,748.0,6.0,0.7,80.73,78.67,38.69,-0.5687868876732466,-0.45262960853951234
2025-02-15,558,8,125252,0.45,699.0,7.0,0.62,80.79,78.76,39.0,-0.5687868876732466,-0.45262960853951234
2025-02-16,753,6,95442,0.79,685.0,6.0,0.62,80.85,78.84,39.32,-0.5687868876732466,-0.45262960853951234
2025-02-17,439,6,113686,0.39,669.0,6.0,0.61,80.91,78.93,39.64,-0.5687868876732466,-0.45262960853951234
2025-02-18,555,7,97008,0.57,615.0,6.0,0.56,80.97,79.01,39.95,-0.5687868876732466,-0.45262960853951234
2025-02-19,505,4,93530,0.54,587.0,6.0,0.55,81.03,79.1,40.27,-0.5687868876732466,-0.45262960853951234
2025-02-20,394,3,90046,0.44,546.0,6.0,0.53,81.08,79.18,40.59,-0.5687868876732466,-0.45262960853951234
2025-02-21,344,3,94037,0.37,507.0,5.0,0.51,81.14,79.26,40.91,-0.5687868876732466,-0.45262960853951234
2025-02-22,542,3,98323,0.55,505.0,5.0,0.52,81.19,79.34,41.23,-0.5687868876732466,-0.45262960853951234
2025-02-23,205,5,107406,0.19,426.0,4.0,0.44,81.25,79.42,41.54,-0.5687868876732466,-0.45262960853951234
2025-02-24,100,2,95760,0.1,378.0,4.0,0.39,81.3,79.49,41.86,-0.5687868876732466,-0.45262960853951234
2025-02-25,336,2,111191,0.3,347.0,3.0,0.36,81.35,79.57,42.18,-0.5687868876732466,-0.45262960853951234
2025-02-26,153,1,96500,0.16,296.0,3.0,0.3,81.41,79.65,42.5,-0.5687868876732466,-0.45262960853951234
2025-02-27,210,2,98993,0.21,270.0,3.0,0.27,81.46,79.72,42.82,-0.5687868876732466,-0.45262960853951234
2025-02-28,189,1,112767,0.17,248.0,2.0,0.24,81.51,79.8,43.14,-0.5687868876732466,-0.45262960853951234
2025-03-01,150,1,91979,0.16,192.0,2.0,0.18,81.56,79.87,43.46,-0.5687868876732466,-0.45262960853951234
2025-03-02,208,1,89478,0.23,192.0,1.0,0.19,81.61,79.94,43.77,-0.5687868876732466,-0.45262960853951234
2025-03-03,161,2,99128,0.16,201.0,1.0,0.2,81.65,80.01,44.09,-0.5687868876732466,-0.45262960853951234
2025-03-04,120,1,119970,0.1,170.0,1.0,0.17,81.7,80.08,44.41,-0.5687868876732466,-0.45262960853951234
2025-03-05,123,0,108838,0.11,166.0,1.0,0.16,81.75,80.15,44.73,-0.5687868876732466,-0.45262960853951234
2025-03-06,134,1,93569,0.14,155.0,1.0,0.15,81.8,80.22,45.05,-0.5687868876732466,-0.45262960853951234
2025-03-07,100,1,110691,0.09,142.0,1.0,0.14,81.84,80.29,45.36,-0.5687868876732466,-0.45262960853951234
2025-03-08,153,0,92688,0.17,143.0,1.0,0.14,81.89,80.35,45.68,-0.5687868876732466,-0.45262960853951234
2025-03-09,189,1,119255,0.16,140.0,1.0,0.13,81.93,80.42,46.0,-0.5687868876732466,-0.45262960853951234
2025-03-10,141,1,90454,0.16,137.0,1.0,0.13,81.98,80.48,46.31,-0.5687868876732466,-0.45262960853951234
2025-03-11,108,1,97280,0.11,135.0,1.0,0.13,82.02,80.55,46.63,-0.5687868876732466,-0.45262960853951234
2025-03-12,100,1,104578,0.1,132.0,1.0,0.13,82.06,80.61,46.95,-0.5687868876732466,-0.45262960853951234
2025-03-13,187,1,98533,0.19,140.0,1.0,0.14,82.1,80.67,47.26,-0.5687868876732466,-0.45262960853951234
2025-03-14,100,1,105875,0.09,140.0,1.0,0.14,82.15,80.73,47.58,-0.5687868876732466,-0.45262960853951234
2025-03-15,188,1,114726,0.16,145.0,1.0,0.14,82.19,80.79,47.89,-0.5687868876732466,-0.45262960853951234
2025-03-16,162,1,109524,0.15,141.0,1.0,0.14,82.23,80.85,48.2,-0.5687868876732466,-0.45262960853951234
2025-03-17,261,2,95168,0.27,158.0,1.0,0.15,82.27,80.91,48.52,-0.5687868876732466,-0.45262960853951234
2025-03-18,205,2,105769,0.19,172.0,1.0,0.16,82.31,80.97,48.83,-0.5687868876732466,-0.45262960853951234
2025-03-19,278,2,94253,0.29,197.0,1.0,0.19,82.35,81.03,49.14,-0.5687868876732466,-0.45262960853951234
2025-03-20,292,1,87062,0.34,212.0,1.0,0.21,82.38,81.08,49.45,-0.5687868876732466,-0.45262960853951234
2025-03-21,323,2,95845,0.34,244.0,2.0,0.25,82.42,81.14,49.76,-0.5687868876732466,-0.45262960853951234
2025-03-22,363,2,82430,0.44,269.0,2.0,0.29,82.46,81.19,50.07,-0.5687868876732466,-0.45262960853951234
2025-03-23,310,3,84063,0.37,290.0,2.0,0.32,82.5,81.25,50.38,-0.5687868876732466,-0.45262960853951234
2025-03-24,269,3,96043,0.28,291.0,2.0,0.32,82.53,81.3,50.68,-0.5687868876732466,-0.45262960853951234
2025-03-25,281,1,82581,0.34,302.0,2.0,0.34,82.57,81.35,50.99,-0.5687868876732466,-0.45262960853951234
2025-03-26,353,4,99054,0.36,313.0,2.0,0.35,82.6,81.41,51.3,-0.5687868876732466,-0.45262960853951234
2025-03-27,346,3,100760,0.34,321.0,3.0,0.35,82.64,81.46,51.6,-0.5687868876732466,-0.45262960853951234
2025-03-28,419,4,120846,0.35,334.0,3.0,0.35,82.67,81.51,51.9,-0.5687868876732466,-0.45262960853951234
2025-03-29,293,4,105230,0.28,324.0,3.0,0.33,82.71,81.56,52.21,-0.5687868876732466,-0.45262960853951234
2025-03-30,453,5,92328,0.49,345.0,3.0,0.35,82.74,81.61,52.51,-0.5687868876732466,-0.45262960853951234
2025-03-31,380,3,114886,0.33,361.0,3.0,0.36,82.77,81.65,52.81,-0.5687868876732466,-0.45262960853951234
2025-04-01,514,3,92393,0.56,394.0,4.0,0.39,82.8,81.7,53.11,-0.5687868876732466,-0.45262960853951234
2025-04-02,375,4,96243,0.39,397.0,4.0,0.39,82.84,81.75,53.41,-0.5687868876732466,-0.45262960853951234
2025-04-03,418,1,100309,0.42,407.0,3.0,0.4,82.87,81.8,53.7,-0.5687868876732466,-0.45262960853951234
2025-04-04,395,5,97169,0.41,404.0,4.0,0.41,82.9,81.84,54.0,-0.5687868876732466,-0.45262960853951234
